ZONA,NUCLEO,M/T,LONGITUD,FECHA
Z1 ,N1,M,1.3,18/05/2026
Z1 ,N1,M,4.5,18/05/2026
Z1 ,N1,M,5.0,18/05/2026
Z1 ,N1,M,5.0,18/05/2026
Z1,N1,M,4.0,18/05/2026
Z1,N1,M,6,18/05/2026
Z1,N1,M,8,18/05/2026
Z1,N1,M,4,18/05/2026
Z1,N1,M,4.5,18/05/2026
Z1,N1,M,3.8,18/05/2026
Z1,N1,M,6.5,18/05/2026
Z1,N1,M,6.0,18/05/2026
Z1,N1,M,8.0,18/05/2026
Z1,N1,M,4.5,18/05/2026
Z1,N1,M,4.5,18/05/2026
Z1,N1,M,2.5,18/05/2026
Z1,N1,M,3.0,18/05/2026
Z1,N1,M,2.6,18/05/2026
Z1,N1,M,2.7,18/05/2026
Z1,N1,M,1.8,18/05/2026
Z1,N1,M,1.5,18/05/2026
Z1,N1,M,1.5,18/05/2026
Z1,N2,M,3.5,18/05/2026
Z1,N2,M,7.8,18/05/2026
Z1,N2,M,5.3,18/05/2026
Z1,N2,M,8.0,18/05/2026
Z1,N2,M,4.5,18/05/2026
Z1,N2,M,6.5,18/05/2026
Z1,N2,M,9.0,18/05/2026
Z1,N2,M,12.5,18/05/2026
Z1,N2,M,4.0,18/05/2026
Z1,N2,M,5.5,18/05/2026
Z1,N2,M,5.0,18/05/2026
Z1,N2,M,5.1,18/05/2026
Z1,N2,M,4.0,18/05/2026
Z1,N2,M,4.6,18/05/2026
Z1,N2,M,1.4,18/05/2026
Z1,N2,M,2.1,18/05/2026
Z1,N2,M,3.0,18/05/2026
Z1,N2,M,4.5,18/05/2026
Z1,N2,M,4.5,18/05/2026
Z1,N2,M,3.5,18/05/2026
Z1,N2,M,1.0,18/05/2026
Z1,N2,M,1.5,18/05/2026
Z1,N2,M,5.5,18/05/2026
Z1,N2,M,3.5,18/05/2026
Z1,N2,M,4.5,18/05/2026
Z1,N2,M,3.3,18/05/2026
Z1,N2,M,3.4,18/05/2026
Z1,N2,M,2.6,18/05/2026
Z1,N2,M,1.4,18/05/2026
Z1,N2,M,2.1,18/05/2026
Z1,N2,M,1.8,18/05/2026
Z1,N2,M,5.0,18/05/2026
Z1,N2,M,6.0,18/05/2026
Z1,N2,M,3.2,18/05/2026
Z1,N2,M,3.9,18/05/2026
Z1,N2,M,4.6,18/05/2026
Z1,N2,M,4.0,18/05/2026
Z1,N2,M,3.5,18/05/2026
Z1,N2,M,5.0,18/05/2026
Z1,N2,M,3.8,18/05/2026
Z1,N2,M,4.0,18/05/2026
Z1,N2,M,2.4,18/05/2026
Z1,N2,M,2.1,18/05/2026
Z1,N2,M,2.0,18/05/2026
Z1,N2,M,5.0,18/05/2026
Z1,N2,M,3.5,18/05/2026
Z1,N2,M,4.0,18/05/2026
Z1,N2,M,3.0,18/05/2026
Z1,N2,M,3.3,18/05/2026
Z1,N2,M,4.5,18/05/2026
Z1,N2,M,1.0,18/05/2026
Z1,N2,M,2.5,18/05/2026
Z1,N2,M,2.3,18/05/2026
Z1,N2,M,2.5,18/05/2026
Z1,N3,M,2.8,18/05/2026
Z1,N3,M,4.3,18/05/2026
Z1,N3,M,5.6,18/05/2026
Z1,N3,M,6.0,18/05/2026
Z1,N3,M,3.1,18/05/2026
Z1,N3,M,6.9,18/05/2026
Z1,N3,M,2.1,18/05/2026
Z1,N3,M,2.5,18/05/2026
Z1,N3,M,4.5,18/05/2026
Z1,N3,M,3.5,18/05/2026
Z1,N3,M,6.0,18/05/2026
Z1,N3,M,4.6,18/05/2026
Z1,N3,M,3.3,18/05/2026
Z1,N3,M,2.0,18/05/2026
Z1,N3,M,4.0,18/05/2026
Z1,N3,M,3.3,18/05/2026
Z1,N3,M,2.0,18/05/2026
Z1,N3,M,2.0,18/05/2026
Z1,N3,M,1.1,18/05/2026
Z1,N3,M,3.0,18/05/2026
Z1,N3,M,2.2,18/05/2026
Z1,N3,M,2.8,18/05/2026
Z1,N3,M,2.9,18/05/2026
Z1,N3,M,2.6,18/05/2026
Z1,N3,M,3.0,18/05/2026
Z1,N3,M,1.5,18/05/2026
Z1,N4,M,6.1,18/05/2026
Z1,N4,M,11.5,18/05/2026
Z1,N4,M,8.5,18/05/2026
Z1,N4,M,5.0,18/05/2026
Z1,N4,M,6.6,18/05/2026
Z1,N4,M,3.0,18/05/2026
Z1,N4,M,4.2,18/05/2026
Z1,N4,M,4.6,18/05/2026
Z1,N4,M,3.0,18/05/2026
Z1,N4,M,5.5,18/05/2026
Z1,N4,M,2.3,18/05/2026
Z1,N4,M,3.7,18/05/2026
Z1,N4,M,3.0,18/05/2026
Z1,N4,M,6.3,18/05/2026
Z1,N4,M,5.5,18/05/2026
Z1,N4,M,2.1,18/05/2026
Z1,N4,M,3.0,18/05/2026
Z1,N4,M,3.2,18/05/2026
Z1,N4,M,3.5,18/05/2026
Z1,N4,M,2.5,18/05/2026
Z1,N4,M,4.5,18/05/2026
Z1,N4,M,5.0,18/05/2026
Z1,N4,M,3.1,18/05/2026
Z1,N4,M,3.4,18/05/2026
Z1,N4,M,5.3,18/05/2026
Z1,N4,M,3.3,18/05/2026
Z1,N4,M,3.2,18/05/2026
Z1,N4,M,2.6,18/05/2026
Z1,N4,M,5.4,18/05/2026
Z1,N4,M,2.1,18/05/2026
Z1,N4,M,2.3,18/05/2026
Z1,N4,M,3.5,18/05/2026
Z1,N4,M,1.5,18/05/2026
Z1,N4,M,1.3,18/05/2026
Z1,N4,M,2.6,18/05/2026
Z2,N5,M,9.5,18/05/2026
Z2,N5,M,3.3,18/05/2026
Z2,N5,M,9.0,18/05/2026
Z2,N5,M,11.0,18/05/2026
Z2,N5,M,5.0,18/05/2026
Z2,N5,M,3.8,18/05/2026
Z2,N5,M,2.3,18/05/2026
Z2,N5,M,2.7,18/05/2026
Z2,N5,M,3.2,18/05/2026
Z2,N5,M,2.5,18/05/2026
Z2,N5,M,5.0,18/05/2026
Z2,N5,M,3.5,18/05/2026
Z2,N5,M,7.3,18/05/2026
Z2,N5,M,8.7,18/05/2026
Z2,N5,M,6.9,18/05/2026
Z2,N5,M,3.3,18/05/2026
Z2,N5,M,2.4,18/05/2026
Z2,N5,M,2.5,18/05/2026
Z2,N5,M,2.9,18/05/2026
Z2,N5,M,4.8,18/05/2026
Z2,N5,M,3.7,18/05/2026
Z2,N5,M,2.0,18/05/2026
Z2,N5,M,3.2,18/05/2026
Z2,N5,M,2.8,18/05/2026
Z2,N5,M,3.4,18/05/2026
Z2,N5,M,4.0,18/05/2026
Z2,N5,M,2.6,18/05/2026
Z2,N5,M,2.5,18/05/2026
Z2,N5,M,2.3,18/05/2026
Z2,N5,M,2.0,18/05/2026
Z2,N5,M,2.1,18/05/2026
Z2,N5,M,2.8,18/05/2026
Z2,N5,M,2.9,18/05/2026
Z2,N5,M,4.7,18/05/2026
Z2,N5,M,7.7,18/05/2026
Z2,N5,M,1.0,18/05/2026
Z2,N5,M,1.6,18/05/2026
Z2,N5,M,1.3,18/05/2026
Z2,N5,M,3.7,18/05/2026
Z2,N5,M,1.5,18/05/2026
Z2,N5,M,8.2,18/05/2026
Z2,N5,M,5.3,18/05/2026
Z2,N5,M,1.6,18/05/2026
Z2,N5,M,2.7,18/05/2026
Z2,N5,M,2.5,18/05/2026
Z2,N5,M,2.5,18/05/2026
Z2,N5,M,0.8,18/05/2026
Z2,N5,M,2.0,18/05/2026
Z2,N5,M,4.1,18/05/2026
Z2,N5,M,4.6,18/05/2026
Z2,N5,M,6.3,18/05/2026
Z2,N5,M,1.4,18/05/2026
Z2,N5,M,3.1,18/05/2026
Z2,N5,M,8.5,18/05/2026
Z2,N5,M,9.7,18/05/2026
Z2,N5,M,3.6,18/05/2026
Z2,N5,M,3.7,18/05/2026
Z2,N5,M,8.4,18/05/2026
Z2,N5,M,2.2,18/05/2026
Z2,N6,M,13,18/05/2026
Z2,N6,M,4.0,18/05/2026
Z2,N6,M,6.1,18/05/2026
Z2,N6,M,1.9,18/05/2026
Z2,N6,M,2.3,18/05/2026
Z2,N6,M,2.5,18/05/2026
Z2,N6,M,1.0,18/05/2026
Z2,N6,M,5.6,18/05/2026
Z2,N6,M,3.4,18/05/2026
Z2,N6,M,1.6,18/05/2026
Z2,N6,M,6.4,18/05/2026
Z2,N6,M,2.9,18/05/2026
Z2,N6,M,3.3,18/05/2026
Z2,N6,M,2.7,18/05/2026
Z2,N6,M,2.4,18/05/2026
Z2,N6,M,1.8,18/05/2026
Z2,N6,M,5.5,18/05/2026
Z2,N6,M,1.3,18/05/2026
Z2,N6,M,2.7,18/05/2026
Z2,N6,M,2.0,18/05/2026
Z2,N6,M,13.1,18/05/2026
Z2,N6,M,6.1,18/05/2026
Z2,N6,M,6.4,18/05/2026
Z2,N6,M,4.4,18/05/2026
Z2,N6,M,9.2,18/05/2026
Z2,N6,M,3.4,18/05/2026
Z2,N6,M,1.2,18/05/2026
Z2,N6,M,0.7,18/05/2026
Z2,N6,M,5.2,18/05/2026
Z2,N6,M,2.0,18/05/2026
Z2,N6,M,7.3,18/05/2026
Z2,N6,M,10.1,18/05/2026
Z2,N6,M,6.3,18/05/2026
Z2,N6,M,12.5,18/05/2026
Z2,N6,M,8.8,18/05/2026
Z2,N6,M,1.0,18/05/2026
Z2,N6,M,2.0,18/05/2026
Z2,N6,M,0.8,18/05/2026
Z2,N6,M,1.5,18/05/2026
Z2,N6,M,2.6,18/05/2026
Z2,N6,M,7.4,18/05/2026
Z2,N6,M,9.1,18/05/2026
Z2,N6,M,7.3,18/05/2026
Z2,N6,M,5.1,18/05/2026
Z2,N6,M,5.5,18/05/2026
Z2,N6,M,0.7,18/05/2026
Z2,N6,M,0.4,18/05/2026
Z2,N6,M,4.0,18/05/2026
Z2,N6,M,2.8,18/05/2026
Z2,N6,M,2.6,18/05/2026
Z2,N6,M,7.2,18/05/2026
Z2,N6,M,5.5,18/05/2026
Z2,N6,M,7.2,18/05/2026
Z2,N6,M,2.5,18/05/2026
Z2,N6,M,1.0,18/05/2026
Z2,N6,M,1.9,18/05/2026
Z2,N6,M,11.8,18/05/2026
Z2,N6,M,3.4,18/05/2026
Z2,N6,M,2.2,18/05/2026
Z2,N6,M,2.3,18/05/2026
Z2,N7,M,9.1,18/05/2026
Z2,N7,M,13.5,18/05/2026
Z2,N7,M,6.8,18/05/2026
Z2,N7,M,13.0,18/05/2026
Z2,N7,M,10.2,18/05/2026
Z2,N7,M,12.4,18/05/2026
Z2,N7,M,2.4,18/05/2026
Z2,N7,M,10.4,18/05/2026
Z2,N7,M,3.3,18/05/2026
Z2,N7,M,7.8,18/05/2026
Z2,N7,M,11.3,18/05/2026
Z2,N7,M,5.1,18/05/2026
Z2,N7,M,5.5,18/05/2026
Z2,N7,M,3.4,18/05/2026
Z2,N7,M,2.2,18/05/2026
Z2,N7,M,5.0,18/05/2026
Z2,N7,M,1.7,18/05/2026
Z2,N7,M,3.9,18/05/2026
Z2,N7,M,12.1,18/05/2026
Z2,N7,M,8.3,18/05/2026
Z2,N7,M,10.0,18/05/2026
Z2,N7,M,9.9,18/05/2026
Z2,N7,M,8.6,18/05/2026
Z2,N7,M,11.2,18/05/2026
Z2,N7,M,4.3,18/05/2026
Z2,N7,M,3.4,18/05/2026
Z2,N7,M,2.9,18/05/2026
Z2,N7,M,5.1,18/05/2026
Z2,N7,M,3.1,18/05/2026
Z2,N7,M,3.4,18/05/2026
Z2,N7,M,5.6,18/05/2026
Z2,N7,M,12.5,18/05/2026
Z2,N7,M,4.0,18/05/2026
Z2,N7,M,1.1,18/05/2026
Z2,N7,M,2.4,18/05/2026
Z2,N7,M,1.7,18/05/2026
Z2,N7,M,4.5,18/05/2026
Z2,N7,M,2.0,18/05/2026
Z2,N7,M,0.5,18/05/2026
Z2,N7,M,9.1,18/05/2026
Z2,N7,M,1.0,18/05/2026
Z2,N7,M,4.5,18/05/2026
Z2,N7,M,1.8,18/05/2026
Z2,N7,M,8.0,18/05/2026
Z2,N7,M,2.8,18/05/2026
Z2,N7,M,3.0,18/05/2026
Z2,N7,M,2.0,18/05/2026
Z2,N7,M,2.7,18/05/2026
Z2,N7,M,1.0,18/05/2026
Z2,N7,M,14.0,18/05/2026
Z2,N7,M,8.7,18/05/2026
Z2,N7,M,15.0,18/05/2026
Z2,N7,M,11.6,18/05/2026
Z2,N7,M,7.5,18/05/2026
Z2,N7,M,8.0,18/05/2026
Z2,N7,M,5.4,18/05/2026
Z2,N7,M,1.8,18/05/2026
Z2,N7,M,3.0,18/05/2026
Z2,N7,M,5.4,18/05/2026
Z2,N7,M,2.1,18/05/2026
Z2,N7,M,2.7,18/05/2026
Z2,N7,M,3.0,18/05/2026
Z2,N7,M,5.5,18/05/2026
Z2,N7,M,1.0,18/05/2026
Z2,N7,M,2.5,18/05/2026
Z2,N7,M,2.5,18/05/2026
Z2,N7,M,4.2,18/05/2026
Z2,N7,M,2.0,18/05/2026
Z2,N7,M,1.7,18/05/2026
Z2,N7,M,3.1,18/05/2026
Z2,N7,M,1.0,18/05/2026
Z2,N7,M,2.0,18/05/2026
Z2,N7,M,1.5,18/05/2026
Z2,N7,M,2.7,18/05/2026
Z2,N7,M,0.7,18/05/2026
Z2,N7,M,1.8,18/05/2026
Z2,N7,M,0.9,18/05/2026
Z2,N7,M,9.7,18/05/2026
Z2,N7,M,13,18/05/2026
Z2,N7,M,10.1,18/05/2026
Z2,N7,M,8.7,18/05/2026
Z2,N7,M,3.5,18/05/2026
Z2,N7,M,5.4,18/05/2026
Z2,N7,M,1.8,18/05/2026
Z2,N7,M,1.3,18/05/2026
Z2,N7,M,3.7,18/05/2026
Z2,N7,M,3.9,18/05/2026
Z2,N7,M,1.0,18/05/2026
Z2,N7,M,2.1,18/05/2026
Z2,N7,M,0.3,18/05/2026
Z2,N7,M,2.5,18/05/2026
Z2,N7,M,5.6,18/05/2026
Z2,N7,M,8.3,18/05/2026
Z2,N7,M,7.7,18/05/2026
Z2,N7,M,2.5,18/05/2026
Z2,N7,M,4.1,18/05/2026
Z2,N7,M,2.4,18/05/2026
Z2,N7,M,2.5,18/05/2026
Z2,N7,M,3.3,18/05/2026
Z2,N7,M,2.9,18/05/2026
Z2,N7,M,2.6,18/05/2026
Z2,N7,M,1.4,18/05/2026
Z2,N7,M,4.0,18/05/2026
Z2,N7,M,3.8,18/05/2026
Z2,N7,M,3.7,18/05/2026
Z2,N7,M,2.3,18/05/2026
Z2,N7,M,2.1,18/05/2026
Z2,N7,M,5.1,18/05/2026
Z2,N7,M,4.3,18/05/2026
Z2,N7,M,3.1,18/05/2026
Z2,N7,M,4.0,18/05/2026
Z2,N7,M,2.9,18/05/2026
Z2,N7,M,2.5,18/05/2026
Z2,N7,M,0.3,18/05/2026
Z2,N8,M,8.0,18/05/2026
Z2,N8,M,6.0,18/05/2026
Z2,N8,M,7.0,18/05/2026
Z2,N8,M,3.0,18/05/2026
Z2,N8,M,3.0,18/05/2026
Z2,N8,M,7.5,18/05/2026
Z2,N8,M,9.5,18/05/2026
Z2,N8,M,7.0,18/05/2026
Z2,N8,M,2.5,18/05/2026
Z2,N8,M,11.0,18/05/2026
Z2,N8,M,4.5,18/05/2026
Z2,N8,M,2.0,18/05/2026
Z2,N8,M,5.0,18/05/2026
Z2,N8,M,4.5,18/05/2026
Z2,N8,M,7.5,18/05/2026
Z2,N8,M,6.5,18/05/2026
Z2,N8,M,4,18/05/2026
Z2,N8,M,9.5,18/05/2026
Z2,N8,M,7.0,18/05/2026
Z2,N8,M,6.0,18/05/2026
Z2,N8,M,4.0,18/05/2026
Z2,N8,M,8.0,18/05/2026
Z2,N8,M,3.6,18/05/2026
Z2,N8,M,8.0,18/05/2026
Z2,N8,M,2.0,18/05/2026
Z2,N8,M,2.0,18/05/2026
Z2,N8,M,10.0,18/05/2026
Z2,N8,M,2.0,18/05/2026
Z2,N8,M,3.5,18/05/2026
Z2,N8,M,5.0,18/05/2026
Z2,N8,M,2.5,18/05/2026
Z2,N8,M,7.0,18/05/2026
Z2,N8,M,7.0,18/05/2026
Z2,N8,M,5.0,18/05/2026
Z2,N8,M,4.0,18/05/2026
Z2,N8,M,4.0,18/05/2026
Z2,N8,M,3.5,18/05/2026
Z2,N8,M,3.0,18/05/2026
Z2,N8,M,8.0,18/05/2026
Z2,N8,M,6.0,18/05/2026
Z2,N8,M,2.2,18/05/2026
Z2,N8,M,1.5,18/05/2026
Z2,N8,M,2.5,18/05/2026
Z2,N8,M,4.5,18/05/2026
Z2,N8,M,3.5,18/05/2026
Z2,N8,M,5.5,18/05/2026
Z2,N8,M,3.5,18/05/2026
Z2,N8,M,4.0,18/05/2026
Z2,N8,M,3.5,18/05/2026
Z2,N8,M,10.0,18/05/2026
Z2,N8,M,1.0,18/05/2026
Z2,N8,M,1.0,18/05/2026
Z2,N8,M,4.5,18/05/2026
Z2,N8,M,2.0,18/05/2026
Z2,N8,M,2.5,18/05/2026
Z2,N8,M,2.5,18/05/2026
Z2,N8,M,1.0,18/05/2026
Z2,N8,M,4.0,18/05/2026
Z2,N8,M,2.0,18/05/2026
Z2,N8,M,4.5,18/05/2026
Z2,N8,M,4.0,18/05/2026
Z2,N8,M,1.0,18/05/2026
Z2,N8,M,2.0,18/05/2026
Z2,N8,M,1.0,18/05/2026
Z2,N8,M,3.0,18/05/2026
Z2,N8,M,1.0,18/05/2026
Z2,N8,M,2.0,18/05/2026
Z2,N8,M,1.0,18/05/2026
Z2,N8,M,3.0,18/05/2026
Z2,N8,M,3.0,18/05/2026
Z2,N8,M,3.0,18/05/2026
Z2,N8,M,4.0,18/05/2026
Z2,N8,M,4.5,18/05/2026
Z2,N8,M,3.0,18/05/2026
Z2,N8,M,1.0,18/05/2026
Z2,N8,M,3.0,18/05/2026
Z2,N9,M,6.5,18/05/2026
Z2,N9,M,14.0,18/05/2026
Z2,N9,M,2.0,18/05/2026
Z2,N9,M,12.0,18/05/2026
Z2,N9,M,5.5,18/05/2026
Z2,N9,M,12.0,18/05/2026
Z2,N9,M,5.6,18/05/2026
Z2,N9,M,6.5,18/05/2026
Z2,N9,M,15.0,18/05/2026
Z2,N9,M,11.0,18/05/2026
Z2,N9,M,15.5,18/05/2026
Z2,N9,M,3.3,18/05/2026
Z2,N9,M,5.0,18/05/2026
Z2,N9,M,5.5,18/05/2026
Z2,N9,M,13.0,18/05/2026
Z2,N9,M,6.5,18/05/2026
Z2,N9,M,6.5,18/05/2026
Z2,N9,M,9.5,18/05/2026
Z2,N10,M,14.0,18/05/2026
Z2,N10,M,15.4,18/05/2026
Z2,N10,M,11.1,18/05/2026
Z2,N10,M,15.6,18/05/2026
Z2,N10,M,7.0,18/05/2026
Z2,N10,M,11.4,18/05/2026
Z2,N10,M,7.5,18/05/2026
Z2,N10,M,17.2,18/05/2026
Z2,N10,M,11.6,18/05/2026
Z2,N10,M,3.0,18/05/2026
Z2,N10,M,8.4,18/05/2026
Z2,N10,M,8.6,18/05/2026
Z2,N10,M,9.5,18/05/2026
Z2,N10,M,13.9,18/05/2026
Z2,N10,M,3.1,18/05/2026
Z2,N10,M,11.5,18/05/2026
Z2,N10,M,6.2,18/05/2026
Z2,N10,M,16.2,18/05/2026
Z2,N10,M,3.6,18/05/2026
Z2,N10,M,5.5,18/05/2026
Z2,N10,M,3.6,18/05/2026
Z2,N10,M,6.0,18/05/2026
Z2,N10,M,5.0,18/05/2026
Z2,N10,M,5.9,18/05/2026
Z2,N10,M,4.8,18/05/2026
Z2,N10,M,6.0,18/05/2026
Z2,N10,M,8.0,18/05/2026
Z2,N10,M,5.8,18/05/2026
Z2,N10,M,6.7,18/05/2026
Z2,N10,M,6.0,18/05/2026
Z2,N10,M,3.4,18/05/2026
Z2,N10,M,3.9,18/05/2026
Z2,N10,M,9.4,18/05/2026
Z2,N10,M,6.1,18/05/2026
Z2,N10,M,3.9,18/05/2026
Z2,N10,M,2.5,18/05/2026
Z2,N10,M,0.9,18/05/2026
Z2,N10,M,5.2,18/05/2026
Z2,N10,M,2.3,18/05/2026
Z2,N10,M,3.4,18/05/2026
Z2,N10,M,1.2,18/05/2026
Z2,N10,M,3.3,18/05/2026
Z2,N10,M,2.3,18/05/2026
Z2,N10,M,5.4,18/05/2026
Z2,N10,M,3.5,18/05/2026
Z2,N10,M,11.0,18/05/2026
Z2,N10,M,1.4,18/05/2026
Z2,N10,M,4.5,18/05/2026
Z2,N10,M,3.0,18/05/2026
Z2,N10,M,2.9,18/05/2026
Z2,N10,M,3.9,18/05/2026
Z2,N10,M,6.7,18/05/2026
Z2,N10,M,10.6,18/05/2026
Z2,N10,M,5.6,18/05/2026
Z2,N10,M,3.9,18/05/2026
Z2,N10,M,4.4,18/05/2026
Z2,N10,M,4.9,18/05/2026
Z2,N10,M,5.0,18/05/2026
Z2,N10,M,6.5,18/05/2026
Z2,N10,M,3.9,18/05/2026
Z2,N11,M,9.7,18/05/2026
Z2,N11,M,11.7,18/05/2026
Z2,N11,M,2.6,18/05/2026
Z2,N11,M,4.5,18/05/2026
Z2,N11,M,4.4,18/05/2026
Z2,N11,M,5.4,18/05/2026
Z2,N11,M,4.6,18/05/2026
Z2,N11,M,12.1,18/05/2026
Z2,N11,M,5.6,18/05/2026
Z2,N11,M,12.0,18/05/2026
Z2,N11,M,6.0,18/05/2026
Z2,N11,M,5.0,18/05/2026
Z2,N11,M,3.0,18/05/2026
Z2,N11,M,3.0,18/05/2026
Z2,N11,M,12.5,18/05/2026
Z2,N11,M,13.7,18/05/2026
Z2,N11,M,4.9,18/05/2026
Z2,N11,M,10.0,18/05/2026
Z2,N11,M,7.6,18/05/2026
Z2,N11,M,3.8,18/05/2026
Z2,N11,M,9.5,18/05/2026
Z2,N11,M,6.2,18/05/2026
Z2,N11,M,10.1,18/05/2026
Z2,N11,M,5.5,18/05/2026
Z2,N11,M,10.5,18/05/2026
Z2,N11,M,7.0,18/05/2026
Z2,N11,M,11.5,18/05/2026
Z2,N11,M,15.0,18/05/2026
Z2,N11,M,5.0,18/05/2026
Z2,N11,M,4.5,18/05/2026
Z2,N11,M,5.0,18/05/2026
Z2,N11,M,3.2,18/05/2026
Z2,N11,M,2.3,18/05/2026
Z2,N11,M,2.5,18/05/2026
Z2,N11,M,9.0,18/05/2026
Z2,N11,M,8.0,18/05/2026
Z2,N11,M,10.0,18/05/2026
Z2,N11,M,9.5,18/05/2026
Z2,N11,M,8.9,18/05/2026
Z2,N11,M,9.9,18/05/2026
Z2,N11,M,3.0,18/05/2026
Z2,N11,M,4.3,18/05/2026
Z2,N11,M,7.0,18/05/2026
Z2,N11,M,3.6,18/05/2026
Z2,N11,M,5.0,18/05/2026
Z2,N11,M,9.5,18/05/2026
Z2,N11,M,3.5,18/05/2026
Z2,N11,M,2.3,18/05/2026
Z2,N11,M,5.0,18/05/2026
Z2,N11,M,3.5,18/05/2026
Z2,N11,M,4.0,18/05/2026
Z2,N11,M,2.0,18/05/2026
Z2,N11,M,10.5,18/05/2026
Z2,N11,M,2.5,18/05/2026
Z2,N11,M,7.4,18/05/2026
Z2,N11,M,6.5,18/05/2026
Z2,N11,M,4.5,18/05/2026
Z2,N11,M,1.5,18/05/2026
Z2,N11,M,2.5,18/05/2026
Z2,N11,M,6.1,18/05/2026
Z2,N12,M,9.5,18/05/2026
Z2,N12,M,12.5,18/05/2026
Z2,N12,M,2.0,18/05/2026
Z2,N12,M,5.0,18/05/2026
Z2,N12,M,3.5,18/05/2026
Z1,N1,T,3.5,18/05/2026
Z1,N1,T,4.0,18/05/2026
Z1,N1,T,6.5,18/05/2026
Z1,N1,T,7.0,18/05/2026
Z1,N1,T,3.0,18/05/2026
Z1,N1,T,2.0,18/05/2026
Z1,N1,T,3.0,18/05/2026
Z1,N1,T,1.0,18/05/2026
Z1,N1,T,9.9,18/05/2026
Z1,N1,T,5.0,18/05/2026
Z1,N1,T,6.0,18/05/2026
Z1,N1,T,3.6,18/05/2026
Z1,N1,T,6.0,18/05/2026
Z1,N1,T,1.0,18/05/2026
Z1,N1,T,6.0,18/05/2026
Z1,N1,T,4.3,18/05/2026
Z1,N1,T,4.3,18/05/2026
Z1,N1,T,3.5,18/05/2026
Z1,N1,T,3.7,18/05/2026
Z1,N1,T,0.4,18/05/2026
Z1,N1,T,4.7,18/05/2026
Z1,N1,T,2.5,18/05/2026
Z1,N1,T,1.0,18/05/2026
Z1,N1,T,1.2,18/05/2026
Z1,N2,T,5.5,18/05/2026
Z1,N2,T,5.0,18/05/2026
Z1,N2,T,6.1,18/05/2026
Z1,N2,T,6.0,18/05/2026
Z1,N2,T,7.5,18/05/2026
Z1,N2,T,4.3,18/05/2026
Z1,N2,T,11.5,18/05/2026
Z1,N2,T,5.4,18/05/2026
Z1,N2,T,7.0,18/05/2026
Z1,N2,T,1.0,18/05/2026
Z1,N2,T,7.3,18/05/2026
Z1,N2,T,4.9,18/05/2026
Z1,N2,T,8.0,18/05/2026
Z1,N2,T,0.9,18/05/2026
Z1,N2,T,4.4,18/05/2026
Z1,N2,T,4.9,18/05/2026
Z1,N2,T,3.5,18/05/2026
Z1,N2,T,6.0,18/05/2026
Z1,N2,T,2.5,18/05/2026
Z1,N2,T,2.6,18/05/2026
Z1,N2,T,2.5,18/05/2026
Z1,N2,T,12.2,18/05/2026
Z1,N2,T,12.0,18/05/2026
Z1,N2,T,11.2,18/05/2026
Z1,N2,T,3.9,18/05/2026
Z1,N2,T,5.0,18/05/2026
Z1,N2,T,3.1,18/05/2026
Z1,N2,T,7.5,18/05/2026
Z1,N2,T,12.5,18/05/2026
Z1,N2,T,5.0,18/05/2026
Z1,N2,T,7.5,18/05/2026
Z1,N2,T,7.1,18/05/2026
Z1,N2,T,4.5,18/05/2026
Z1,N2,T,5.0,18/05/2026
Z1,N2,T,3.6,18/05/2026
Z1,N2,T,4.3,18/05/2026
Z1,N2,T,3.0,18/05/2026
Z1,N2,T,4.0,18/05/2026
Z1,N2,T,4.5,18/05/2026
Z1,N2,T,11.0,18/05/2026
Z1,N2,T,9.4,18/05/2026
Z1,N2,T,4.5,18/05/2026
Z1,N2,T,4.3,18/05/2026
Z1,N2,T,4.2,18/05/2026
Z1,N2,T,6.0,18/05/2026
Z1,N2,T,0.9,18/05/2026
Z1,N2,T,1.5,18/05/2026
Z1,N2,T,3.0,18/05/2026
Z1,N2,T,6.7,18/05/2026
Z1,N2,T,2.1,18/05/2026
Z1,N2,T,3.0,18/05/2026
Z1,N2,T,3.8,18/05/2026
Z1,N2,T,3.9,18/05/2026
Z1,N2,T,6.2,18/05/2026
Z1,N2,T,4.5,18/05/2026
Z1,N3,T,8.0,18/05/2026
Z1,N3,T,3.0,18/05/2026
Z1,N3,T,7.0,18/05/2026
Z1,N3,T,6.5,18/05/2026
Z1,N3,T,4.0,18/05/2026
Z1,N3,T,1.0,18/05/2026
Z1,N3,T,2.5,18/05/2026
Z1,N3,T,4.0,18/05/2026
Z1,N3,T,4.0,18/05/2026
Z1,N3,T,4.5,18/05/2026
Z1,N3,T,7.0,18/05/2026
Z1,N3,T,1.0,18/05/2026
Z1,N3,T,1.0,18/05/2026
Z1,N3,T,3.5,18/05/2026
Z1,N3,T,4.0,18/05/2026
Z1,N3,T,2.5,18/05/2026
Z1,N3,T,5.0,18/05/2026
Z1,N3,T,1.0,18/05/2026
Z1,N3,T,5.4,18/05/2026
Z1,N3,T,3.0,18/05/2026
Z1,N3,T,6.0,18/05/2026
Z1,N3,T,6.5,18/05/2026
Z1,N3,T,5.0,18/05/2026
Z1,N3,T,5.5,18/05/2026
Z1,N4,T,6.0,18/05/2026
Z1,N4,T,13.0,18/05/2026
Z1,N4,T,13.5,18/05/2026
Z1,N4,T,11.0,18/05/2026
Z1,N4,T,3.0,18/05/2026
Z1,N4,T,3.0,18/05/2026
Z1,N4,T,3.0,18/05/2026
Z1,N4,T,1.0,18/05/2026
Z1,N4,T,2.0,18/05/2026
Z1,N4,T,1.0,18/05/2026
Z1,N4,T,2.0,18/05/2026
Z2 ,N5,T,1.4,18/05/2026
Z2 ,N5,T,1.0,18/05/2026
Z2 ,N5,T,1.0,18/05/2026
Z2 ,N5,T,1.5,18/05/2026
Z2,N5,T,1.0,18/05/2026
Z2,N5,T,1.2,18/05/2026
Z2,N5,T,1.5,18/05/2026
Z2,N5,T,0.5,18/05/2026
Z2,N5,T,1.0,18/05/2026
Z2,N5,T,1.0,18/05/2026
Z2,N6,T,9.0,18/05/2026
Z2,N7,T,9.7,18/05/2026
Z2,N7,T,11.7,18/05/2026
Z2,N7,T,2.6,18/05/2026
Z2,N7,T,4.5,18/05/2026
Z2,N7,T,4.4,18/05/2026
Z2,N7,T,5.4,18/05/2026
Z2,N7,T,4.6,18/05/2026
Z2,N7,T,12.1,18/05/2026
Z2,N7,T,5.6,18/05/2026
Z2,N7,T,12.0,18/05/2026
Z2,N7,T,6.0,18/05/2026
Z2,N7,T,5.0,18/05/2026
Z2,N7,T,3.0,18/05/2026
Z2,N7,T,3.0,18/05/2026
Z2,N7,T,12.5,18/05/2026
Z2,N7,T,13.7,18/05/2026
Z2,N7,T,4.9,18/05/2026
Z2,N7,T,10.0,18/05/2026
Z2,N7,T,7.6,18/05/2026
Z2,N7,T,3.8,18/05/2026
Z2,N7,T,9.5,18/05/2026
Z2,N7,T,6.2,18/05/2026
Z2,N7,T,10.1,18/05/2026
Z2,N7,T,5.5,18/05/2026
Z2,N7,T,10.5,18/05/2026
Z2,N7,T,7.0,18/05/2026
Z2,N7,T,11.5,18/05/2026
Z2,N7,T,15.0,18/05/2026
Z2,N7,T,5.0,18/05/2026
Z2,N7,T,4.5,18/05/2026
Z2,N7,T,5.0,18/05/2026
Z2,N7,T,3.2,18/05/2026
Z2,N7,T,2.3,18/05/2026
Z2,N7,T,2.5,18/05/2026
Z2,N7,T,9.0,18/05/2026
Z2,N7,T,8.0,18/05/2026
Z2,N7,T,10.0,18/05/2026
Z2,N7,T,9.5,18/05/2026
Z2,N7,T,8.9,18/05/2026
Z2,N7,T,9.9,18/05/2026
Z2,N7,T,3.0,18/05/2026
Z2,N7,T,4.3,18/05/2026
Z2,N7,T,7.0,18/05/2026
Z2,N7,T,3.6,18/05/2026
Z2,N7,T,5.0,18/05/2026
Z2,N7,T,9.5,18/05/2026
Z2,N7,T,3.5,18/05/2026
Z2,N7,T,2.3,18/05/2026
Z2,N7,T,5.0,18/05/2026
Z2,N7,T,3.5,18/05/2026
Z2,N7,T,4.0,18/05/2026
Z2,N7,T,2.0,18/05/2026
Z2,N7,T,10.5,18/05/2026
Z2,N7,T,2.5,18/05/2026
Z2,N7,T,7.4,18/05/2026
Z2,N7,T,6.5,18/05/2026
Z2,N7,T,4.5,18/05/2026
Z2,N7,T,1.5,18/05/2026
Z2,N7,T,2.5,18/05/2026
Z2,N7,T,6.1,18/05/2026
Z2,N8 ,T,0.5,18/05/2026
Z2,N8 ,T,0.5,18/05/2026
Z2,N9,T,0,18/05/2026
Z2,N10,T,0,18/05/2026
Z2,N11,T,0,18/05/2026
Z2,N12,T,0,18/05/2026
Z1,N1,M,6.0,19/05/2026
Z1,N1,M,4.1,19/05/2026
Z1,N1,M,4.9,19/05/2026
Z1,N1,M,4.0,19/05/2026
Z1,N1,M,4.5,19/05/2026
Z1,N1,M,4.9,19/05/2026
Z1,N1,M,1.5,19/05/2026
Z1,N1,M,3.6,19/05/2026
Z1,N1,M,3.0,19/05/2026
Z1,N1,M,4.5,19/05/2026
Z1,N1,M,2.1,19/05/2026
Z1,N1,M,3.6,19/05/2026
Z1,N1,M,4.6,19/05/2026
Z1,N1,M,5.5,19/05/2026
Z1,N1,M,5.0,19/05/2026
Z1,N1,M,4.5,19/05/2026
Z1,N1,M,3.5,19/05/2026
Z1,N1,M,5.5,19/05/2026
Z1,N1,M,5.0,19/05/2026
Z1,N1,M,3.5,19/05/2026
Z1,N1,M,2.6,19/05/2026
Z1,N1,M,6.9,19/05/2026
Z1,N1,M,6.1,19/05/2026
Z1,N1,M,4.0,19/05/2026
Z1,N1,M,4.1,19/05/2026
Z1,N1,M,1.5,19/05/2026
Z1,N1,M,4.8,19/05/2026
Z1,N1,M,7.4,19/05/2026
Z1,N1,M,4.0,19/05/2026
Z1,N1,M,2.5,19/05/2026
Z1,N1,M,5.5,19/05/2026
Z1,N1,M,1.0,19/05/2026
Z1,N1,M,1.4,19/05/2026
Z1,N1,M,5.1,19/05/2026
Z1,N1,M,6.0,19/05/2026
Z1,N1,M,4.0,19/05/2026
Z1,N1,M,2.1,19/05/2026
Z1,N1,M,5.1,19/05/2026
Z1,N1,M,5.3,19/05/2026
Z1,N1,M,5.1,19/05/2026
Z1,N1,M,3.2,19/05/2026
Z1,N1,M,6.0,19/05/2026
Z1,N1,M,2.0,19/05/2026
Z1,N1,M,3.5,19/05/2026
Z1,N1,M,4.9,19/05/2026
Z1,N1,M,3.4,19/05/2026
Z1,N1,M,0.9,19/05/2026
Z1,N1,M,2.0,19/05/2026
Z1,N1,M,1.5,19/05/2026
Z1,N1,M,2.0,19/05/2026
Z1,N1,M,2.3,19/05/2026
Z1,N1,M,3.1,19/05/2026
Z1,N1,M,2.6,19/05/2026
Z1,N1,M,3.2,19/05/2026
Z1,N1,M,1.9,19/05/2026
Z1,N1,M,2.5,19/05/2026
Z1,N1,M,2.0,19/05/2026
Z1,N1,M,1.4,19/05/2026
Z1,N1,M,1.0,19/05/2026
Z1,N2,M,5.0,19/05/2026
Z1,N2,M,5.5,19/05/2026
Z1,N2,M,5.0,19/05/2026
Z1,N2,M,4.0,19/05/2026
Z1,N2,M,6.0,19/05/2026
Z1,N2,M,6.0,19/05/2026
Z1,N2,M,5.3,19/05/2026
Z1,N2,M,3.5,19/05/2026
Z1,N2,M,1.7,19/05/2026
Z1,N2,M,5.5,19/05/2026
Z1,N2,M,4.2,19/05/2026
Z1,N2,M,3.5,19/05/2026
Z1,N2,M,5.0,19/05/2026
Z1,N2,M,4.3,19/05/2026
Z1,N2,M,5.5,19/05/2026
Z1,N2,M,3.5,19/05/2026
Z1,N2,M,3.0,19/05/2026
Z1,N2,M,1.5,19/05/2026
Z1,N2,M,6.5,19/05/2026
Z1,N2,M,3.0,19/05/2026
Z1,N2,M,4.0,19/05/2026
Z1,N2,M,5.6,19/05/2026
Z1,N2,M,1.0,19/05/2026
Z1,N2,M,4.5,19/05/2026
Z1,N2,M,2.0,19/05/2026
Z1,N2,M,2.1,19/05/2026
Z1,N2,M,2.0,19/05/2026
Z1,N2,M,5.0,19/05/2026
Z1,N2,M,2.0,19/05/2026
Z1,N2,M,3.0,19/05/2026
Z1,N2,M,4.3,19/05/2026
Z1,N2,M,3.0,19/05/2026
Z1,N2,M,2.5,19/05/2026
Z1,N2,M,2.5,19/05/2026
Z1,N2,M,1.4,19/05/2026
Z1,N2,M,2.9,19/05/2026
Z1,N2,M,3.5,19/05/2026
Z1,N2,M,3.5,19/05/2026
Z1,N2,M,4.2,19/05/2026
Z1,N2,M,2.8,19/05/2026
Z1,N2,M,5.5,19/05/2026
Z1,N2,M,2.0,19/05/2026
Z1,N2,M,1.3,19/05/2026
Z1,N2,M,4.5,19/05/2026
Z1,N2,M,3.0,19/05/2026
Z1,N2,M,4.0,19/05/2026
Z1,N2,M,3.5,19/05/2026
Z1,N3,M,8.0,19/05/2026
Z1,N3,M,5.0,19/05/2026
Z1,N3,M,7.0,19/05/2026
Z1,N3,M,4.0,19/05/2026
Z1,N3,M,7.0,19/05/2026
Z1,N3,M,2.8,19/05/2026
Z1,N3,M,5.0,19/05/2026
Z1,N3,M,3.0,19/05/2026
Z1,N3,M,5.0,19/05/2026
Z1,N3,M,5.0,19/05/2026
Z1,N3,M,7.0,19/05/2026
Z1,N3,M,6.0,19/05/2026
Z1,N3,M,5.0,19/05/2026
Z1,N3,M,4.0,19/05/2026
Z1,N3,M,2.0,19/05/2026
Z1,N3,M,2.0,19/05/2026
Z1,N3,M,1.5,19/05/2026
Z1,N3,M,2.5,19/05/2026
Z1,N3,M,4.1,19/05/2026
Z1,N3,M,4.0,19/05/2026
Z1,N3,M,4.5,19/05/2026
Z1,N3,M,6.0,19/05/2026
Z1,N3,M,3.0,19/05/2026
Z1,N3,M,4.0,19/05/2026
Z1,N3,M,2.6,19/05/2026
Z1,N3,M,3.5,19/05/2026
Z1,N3,M,3.6,19/05/2026
Z1,N3,M,3.0,19/05/2026
Z1,N3,M,4.0,19/05/2026
Z1,N3,M,3.7,19/05/2026
Z1,N3,M,5.0,19/05/2026
Z1,N3,M,7.3,19/05/2026
Z1,N3,M,6.0,19/05/2026
Z1,N3,M,4.0,19/05/2026
Z1,N3,M,3.2,19/05/2026
Z1,N3,M,3.0,19/05/2026
Z1,N3,M,4.5,19/05/2026
Z1,N3,M,2.5,19/05/2026
Z1,N3,M,5.0,19/05/2026
Z1,N3,M,4.5,19/05/2026
Z1,N3,M,2.0,19/05/2026
Z1,N4,M,3.9,19/05/2026
Z1,N4,M,6.0,19/05/2026
Z1,N4,M,4.0,19/05/2026
Z1,N4,M,5.4,19/05/2026
Z1,N4,M,4.5,19/05/2026
Z1,N4,M,4.0,19/05/2026
Z1,N4,M,4.3,19/05/2026
Z1,N4,M,4.5,19/05/2026
Z1,N4,M,3.5,19/05/2026
Z1,N4,M,2.6,19/05/2026
Z1,N4,M,4.5,19/05/2026
Z1,N4,M,2.6,19/05/2026
Z1,N4,M,1.5,19/05/2026
Z1,N4,M,7.5,19/05/2026
Z1,N4,M,4.7,19/05/2026
Z1,N4,M,3.8,19/05/2026
Z1,N4,M,4.5,19/05/2026
Z1,N4,M,2.4,19/05/2026
Z1,N4,M,2.1,19/05/2026
Z1,N4,M,4.1,19/05/2026
Z1,N4,M,3.5,19/05/2026
Z1,N4,M,3.3,19/05/2026
Z1,N4,M,6.0,19/05/2026
Z1,N4,M,2.5,19/05/2026
Z1,N4,M,3.6,19/05/2026
Z1,N4,M,4.4,19/05/2026
Z1,N4,M,4.0,19/05/2026
Z1,N4,M,3.5,19/05/2026
Z1,N4,M,2.4,19/05/2026
Z1,N4,M,5.0,19/05/2026
Z1,N4,M,2.1,19/05/2026
Z1,N4,M,1.6,19/05/2026
Z1,N4,M,1.3,19/05/2026
Z1,N4,M,1.6,19/05/2026
Z1,N4,M,3.0,19/05/2026
Z1,N4,M,4.5,19/05/2026
Z1,N4,M,2.5,19/05/2026
Z1,N4,M,3.6,19/05/2026
Z1,N4,M,2.0,19/05/2026
Z1,N4,M,2.3,19/05/2026
Z1,N4,M,2.0,19/05/2026
Z1,N4,M,1.6,19/05/2026
Z1,N4,M,2.2,19/05/2026
Z1,N4,M,3.5,19/05/2026
Z2,N5,M,2.0,19/05/2026
Z2,N5,M,1.5,19/05/2026
Z2,N5,M,2.1,19/05/2026
Z2,N5,M,4.5,19/05/2026
Z2,N5,M,2.1,19/05/2026
Z2,N5,M,7.5,19/05/2026
Z2,N5,M,0.7,19/05/2026
Z2,N5,M,5.5,19/05/2026
Z2,N5,M,1.4,19/05/2026
Z2,N5,M,8.0,19/05/2026
Z2,N5,M,2.5,19/05/2026
Z2,N5,M,2.9,19/05/2026
Z2,N5,M,6.9,19/05/2026
Z2,N5,M,3.0,19/05/2026
Z2,N5,M,7.0,19/05/2026
Z2,N5,M,7.5,19/05/2026
Z2,N5,M,3.0,19/05/2026
Z2,N5,M,3.4,19/05/2026
Z2,N5,M,3.5,19/05/2026
Z2,N5,M,2.5,19/05/2026
Z2,N5,M,1.1,19/05/2026
Z2,N5,M,3.1,19/05/2026
Z2,N5,M,3.1,19/05/2026
Z2,N5,M,2.9,19/05/2026
Z2,N5,M,3.5,19/05/2026
Z2,N5,M,3.4,19/05/2026
Z2,N5,M,1.0,19/05/2026
Z2,N5,M,3.0,19/05/2026
Z2,N5,M,2.5,19/05/2026
Z2,N5,M,2.5,19/05/2026
Z2,N5,M,4.0,19/05/2026
Z2,N5,M,1.9,19/05/2026
Z2,N5,M,2.5,19/05/2026
Z2,N5,M,1.5,19/05/2026
Z2,N5,M,1.6,19/05/2026
Z2,N5,M,2.3,19/05/2026
Z2,N5,M,2.8,19/05/2026
Z2,N5,M,0.9,19/05/2026
Z2,N5,M,1.5,19/05/2026
Z2,N5,M,2.0,19/05/2026
Z2,N5,M,3.5,19/05/2026
Z2,N5,M,2.5,19/05/2026
Z2,N5,M,1.1,19/05/2026
Z2,N5,M,2.5,19/05/2026
Z2,N5,M,0.9,19/05/2026
Z2,N5,M,1.8,19/05/2026
Z2,N6,M,5.3,19/05/2026
Z2,N6,M,9.8,19/05/2026
Z2,N6,M,7.4,19/05/2026
Z2,N6,M,2.9,19/05/2026
Z2,N6,M,1.4,19/05/2026
Z2,N6,M,2.5,19/05/2026
Z2,N6,M,0.6,19/05/2026
Z2,N6,M,3.6,19/05/2026
Z2,N6,M,1.9,19/05/2026
Z2,N6,M,1.2,19/05/2026
Z2,N6,M,1.5,19/05/2026
Z2,N6,M,4.4,19/05/2026
Z2,N6,M,3.9,19/05/2026
Z2,N6,M,4.1,19/05/2026
Z2,N6,M,3.6,19/05/2026
Z2,N6,M,3.7,19/05/2026
Z2,N6,M,2.8,19/05/2026
Z2,N6,M,3.4,19/05/2026
Z2,N6,M,3.1,19/05/2026
Z2,N6,M,2.2,19/05/2026
Z2,N6,M,1.4,19/05/2026
Z2,N6,M,0.7,19/05/2026
Z2,N6,M,0.9,19/05/2026
Z2,N6,M,1.3,19/05/2026
Z2,N6,M,2.4,19/05/2026
Z2,N6,M,0.9,19/05/2026
Z2,N6,M,0.6,19/05/2026
Z2,N6,M,0.2,19/05/2026
Z2,N6,M,1.1,19/05/2026
Z2,N6,M,1.5,19/05/2026
Z2,N6,M,1.1,19/05/2026
Z2,N6,M,0.7,19/05/2026
Z2,N6,M,0.8,19/05/2026
Z2,N6,M,1.3,19/05/2026
Z2,N6,M,0.2,19/05/2026
Z2,N6,M,7.2,19/05/2026
Z2,N7,M,5.5,19/05/2026
Z2,N7,M,1.5,19/05/2026
Z2,N7,M,3.0,19/05/2026
Z2,N7,M,4.2,19/05/2026
Z2,N7,M,7.0,19/05/2026
Z2,N7,M,4.2,19/05/2026
Z2,N7,M,2.3,19/05/2026
Z2,N7,M,6.5,19/05/2026
Z2,N7,M,1.0,19/05/2026
Z2,N7,M,2.0,19/05/2026
Z2,N7,M,1.2,19/05/2026
Z2,N7,M,2.7,19/05/2026
Z2,N7,M,5.0,19/05/2026
Z2,N7,M,4.0,19/05/2026
Z2,N7,M,4.5,19/05/2026
Z2,N7,M,3.3,19/05/2026
Z2,N7,M,2.3,19/05/2026
Z2,N7,M,2.5,19/05/2026
Z2,N7,M,3.5,19/05/2026
Z2,N7,M,2.5,19/05/2026
Z2,N7,M,1.8,19/05/2026
Z2,N7,M,2.3,19/05/2026
Z2,N7,M,3.6,19/05/2026
Z2,N7,M,3.2,19/05/2026
Z2,N7,M,1.5,19/05/2026
Z2,N7,M,1.0,19/05/2026
Z2,N7,M,3.7,19/05/2026
Z2,N7,M,6.0,19/05/2026
Z2,N7,M,2.5,19/05/2026
Z2,N7,M,2.6,19/05/2026
Z2,N7,M,1.3,19/05/2026
Z2,N7,M,3.5,19/05/2026
Z2,N7,M,1.2,19/05/2026
Z2,N7,M,3.1,19/05/2026
Z2,N7,M,2.5,19/05/2026
Z2,N7,M,2.7,19/05/2026
Z2,N7,M,3.2,19/05/2026
Z2,N7,M,1.5,19/05/2026
Z2,N7,M,2.7,19/05/2026
Z2,N7,M,3.6,19/05/2026
Z2,N7,M,2.3,19/05/2026
Z2,N7,M,3.5,19/05/2026
Z2,N7,M,3.5,19/05/2026
Z2,N7,M,4.1,19/05/2026
Z2,N7,M,1.0,19/05/2026
Z2,N7,M,8.0,19/05/2026
Z2,N7,M,1.0,19/05/2026
Z2,N7,M,1.5,19/05/2026
Z2,N7,M,2.8,19/05/2026
Z2,N7,M,1.0,19/05/2026
Z2,N7,M,0.5,19/05/2026
Z2,N7,M,0.5,19/05/2026
Z2,N7,M,1.0,19/05/2026
Z2,N7,M,1.6,19/05/2026
Z2,N7,M,2.6,19/05/2026
Z2,N7,M,1.0,19/05/2026
Z2,N7,M,3.1,19/05/2026
Z2,N7,M,1.2,19/05/2026
Z2,N8,M,6.0,19/05/2026
Z2,N8,M,3.2,19/05/2026
Z2,N8,M,3.6,19/05/2026
Z2,N8,M,5.0,19/05/2026
Z2,N8,M,1.8,19/05/2026
Z2,N8,M,3.5,19/05/2026
Z2,N8,M,1.9,19/05/2026
Z2,N8,M,1.2,19/05/2026
Z2,N8,M,1.5,19/05/2026
Z2,N8,M,2.1,19/05/2026
Z2,N8,M,2.6,19/05/2026
Z2,N8,M,3.4,19/05/2026
Z2,N8,M,4.5,19/05/2026
Z2,N8,M,0.8,19/05/2026
Z2,N8,M,3.4,19/05/2026
Z2,N8,M,1.9,19/05/2026
Z2,N8,M,0.5,19/05/2026
Z2,N8,M,2.6,19/05/2026
Z2,N8,M,1.5,19/05/2026
Z2,N8,M,0.7,19/05/2026
Z2,N9,M,3.5,19/05/2026
Z2,N9,M,3.5,19/05/2026
Z2,N9,M,3.3,19/05/2026
Z2,N9,M,2.5,19/05/2026
Z2,N9,M,1.4,19/05/2026
Z2,N9,M,3.0,19/05/2026
Z2,N9,M,2.5,19/05/2026
Z2,N9,M,1.0,19/05/2026
Z2,N9,M,2.5,19/05/2026
Z2,N9,M,3.5,19/05/2026
Z2,N9,M,3.5,19/05/2026
Z2,N9,M,2.5,19/05/2026
Z2,N9,M,3.7,19/05/2026
Z2,N9,M,1.5,19/05/2026
Z2,N9,M,1.8,19/05/2026
Z2,N9,M,1.5,19/05/2026
Z2,N9,M,1.5,19/05/2026
Z2,N9,M,3.0,19/05/2026
Z2,N9,M,3.5,19/05/2026
Z2,N9,M,5.0,19/05/2026
Z2,N9,M,4.0,19/05/2026
Z2,N9,M,4.1,19/05/2026
Z2,N9,M,4.0,19/05/2026
Z2,N9,M,2.0,19/05/2026
Z2,N9,M,2.5,19/05/2026
Z2,N9,M,5.0,19/05/2026
Z2,N9,M,3.5,19/05/2026
Z2,N9,M,3.4,19/05/2026
Z2,N9,M,3.4,19/05/2026
Z2,N9,M,7.0,19/05/2026
Z2,N9,M,3.0,19/05/2026
Z2,N9,M,2.0,19/05/2026
Z2,N9,M,3.2,19/05/2026
Z2,N9,M,3.0,19/05/2026
Z2,N9,M,3.9,19/05/2026
Z2,N9,M,4.2,19/05/2026
Z2,N9,M,3.0,19/05/2026
Z2,N9,M,2.9,19/05/2026
Z2,N9,M,4.0,19/05/2026
Z2,N9,M,3.0,19/05/2026
Z2,N9,M,3.0,19/05/2026
Z2,N9,M,2.5,19/05/2026
Z2,N9,M,3.5,19/05/2026
Z2,N9,M,4.0,19/05/2026
Z2,N9,M,3.0,19/05/2026
Z2,N9,M,3.8,19/05/2026
Z2,N9,M,3.3,19/05/2026
Z2,N9,M,2.5,19/05/2026
Z2,N9,M,4.5,19/05/2026
Z2,N9,M,4.0,19/05/2026
Z2,N9,M,3.3,19/05/2026
Z2,N9,M,3.0,19/05/2026
Z2,N9,M,3.1,19/05/2026
Z2,N10,M,2.0,19/05/2026
Z2,N10,M,3.5,19/05/2026
Z2,N10,M,1.5,19/05/2026
Z2,N10,M,3.0,19/05/2026
Z2,N10,M,2.5,19/05/2026
Z2,N10,M,2.0,19/05/2026
Z2,N10,M,2.3,19/05/2026
Z2,N10,M,1.0,19/05/2026
Z2,N10,M,2.0,19/05/2026
Z2,N10,M,3.9,19/05/2026
Z2,N10,M,1.0,19/05/2026
Z2,N10,M,4.0,19/05/2026
Z2,N10,M,4.5,19/05/2026
Z2,N10,M,2.0,19/05/2026
Z2,N10,M,2.5,19/05/2026
Z2,N10,M,3.5,19/05/2026
Z2,N10,M,3.5,19/05/2026
Z2,N10,M,4.5,19/05/2026
Z2,N10,M,3.5,19/05/2026
Z2,N10,M,3.0,19/05/2026
Z2,N10,M,2.5,19/05/2026
Z2,N10,M,3.0,19/05/2026
Z2,N10,M,3.1,19/05/2026
Z2,N10,M,4.5,19/05/2026
Z2,N10,M,2.0,19/05/2026
Z2,N10,M,1.8,19/05/2026
Z2,N10,M,4.0,19/05/2026
Z2,N10,M,2.5,19/05/2026
Z2,N10,M,2.6,19/05/2026
Z2,N10,M,3.0,19/05/2026
Z2,N10,M,3.1,19/05/2026
Z2,N10,M,3.0,19/05/2026
Z2,N10,M,3.0,19/05/2026
Z2,N10,M,3.1,19/05/2026
Z2,N10,M,3.4,19/05/2026
Z2,N10,M,3.0,19/05/2026
Z2,N10,M,4.0,19/05/2026
Z2,N10,M,2.0,19/05/2026
Z2,N10,M,3.5,19/05/2026
Z2,N10,M,2.5,19/05/2026
Z2,N10,M,1.0,19/05/2026
Z2,N10,M,2.0,19/05/2026
Z2,N10,M,3.5,19/05/2026
Z2,N10,M,2.0,19/05/2026
Z2,N10,M,4.0,19/05/2026
Z2,N10,M,3.5,19/05/2026
Z2,N10,M,5.0,19/05/2026
Z2,N10,M,4.0,19/05/2026
Z2,N10,M,2.5,19/05/2026
Z2,N10,M,3.5,19/05/2026
Z2,N10,M,1.0,19/05/2026
Z2,N11,M,2.9,19/05/2026
Z2,N11,M,3.6,19/05/2026
Z2,N11,M,4.2,19/05/2026
Z2,N11,M,3.3,19/05/2026
Z2,N11,M,3.2,19/05/2026
Z2,N11,M,2.9,19/05/2026
Z2,N11,M,4.7,19/05/2026
Z2,N11,M,3.6,19/05/2026
Z2,N11,M,3.2,19/05/2026
Z2,N11,M,3.7,19/05/2026
Z2,N11,M,2.8,19/05/2026
Z2,N11,M,3.0,19/05/2026
Z2,N11,M,2.5,19/05/2026
Z2,N11,M,3.1,19/05/2026
Z2,N11,M,2.7,19/05/2026
Z2,N11,M,2.0,19/05/2026
Z2,N11,M,2.5,19/05/2026
Z2,N11,M,3.3,19/05/2026
Z2,N11,M,3.4,19/05/2026
Z2,N11,M,2.7,19/05/2026
Z2,N11,M,2.8,19/05/2026
Z2,N11,M,3.6,19/05/2026
Z2,N11,M,2.9,19/05/2026
Z2,N11,M,2.7,19/05/2026
Z2,N11,M,3.3,19/05/2026
Z2,N11,M,3.6,19/05/2026
Z2,N11,M,2.3,19/05/2026
Z2,N11,M,3.0,19/05/2026
Z2,N11,M,2.4,19/05/2026
Z2,N11,M,2.7,19/05/2026
Z2,N11,M,4.3,19/05/2026
Z2,N11,M,0.4,19/05/2026
Z2,N11,M,3.1,19/05/2026
Z2,N11,M,0.7,19/05/2026
Z2,N11,M,3.1,19/05/2026
Z2,N11,M,2.6,19/05/2026
Z2,N11,M,1.6,19/05/2026
Z2,N12,M,2.9,19/05/2026
Z2,N12,M,2.7,19/05/2026
Z2,N12,M,3.1,19/05/2026
Z2,N12,M,4.2,19/05/2026
Z2,N12,M,4.5,19/05/2026
Z2,N12,M,3.3,19/05/2026
Z2,N12,M,4.0,19/05/2026
Z2,N12,M,4.4,19/05/2026
Z2,N12,M,2.4,19/05/2026
Z2,N12,M,3.4,19/05/2026
Z2,N12,M,3.6,19/05/2026
Z2,N12,M,5.3,19/05/2026
Z2,N12,M,4.7,19/05/2026
Z2,N12,M,4.5,19/05/2026
Z2,N12,M,2.3,19/05/2026
Z2,N12,M,3.9,19/05/2026
Z2,N12,M,2.4,19/05/2026
Z2,N12,M,5.3,19/05/2026
Z2,N12,M,3.8,19/05/2026
Z2,N12,M,0.6,19/05/2026
Z2,N12,M,4.0,19/05/2026
Z2,N12,M,3.7,19/05/2026
Z2,N12,M,3.4,19/05/2026
Z2,N12,M,3.7,19/05/2026
Z2,N12,M,3.4,19/05/2026
Z2,N12,M,4.7,19/05/2026
Z2,N12,M,5.1,19/05/2026
Z2,N12,M,2.5,19/05/2026
Z2,N12,M,2.3,19/05/2026
Z2,N12,M,4.4,19/05/2026
Z2,N12,M,3.1,19/05/2026
Z2,N12,M,4.4,19/05/2026
Z2,N12,M,3.9,19/05/2026
Z2,N12,M,4.7,19/05/2026
Z2,N12,M,2.2,19/05/2026
Z2,N12,M,4.6,19/05/2026
Z2,N12,M,3.7,19/05/2026
Z2,N12,M,0.6,19/05/2026
Z2,N12,M,0.7,19/05/2026
Z1,N1,T,4.0,19/05/2026
Z1,N1,T,2.0,19/05/2026
Z1,N1,T,7.0,19/05/2026
Z1,N1,T,6.6,19/05/2026
Z1,N1,T,4.5,19/05/2026
Z1,N1,T,6.5,19/05/2026
Z1,N1 ,T,7.0,19/05/2026
Z1,N1,T,9.1,19/05/2026
Z1,N1,T,8.0,19/05/2026
Z1,N1,T,7.0,19/05/2026
Z1,N1,T,2.1,19/05/2026
Z1,N1,T,1.8,19/05/2026
Z1,N1,T,3.1,19/05/2026
Z1,N1,T,2.9,19/05/2026
Z1,N1,T,3.2,19/05/2026
Z1,N1,T,1.8,19/05/2026
Z1,N1,T,4.0,19/05/2026
Z1,N1,T,4.1,19/05/2026
Z1,N1,T,2.2,19/05/2026
Z1,N1,T,1.4,19/05/2026
Z1,N2,T,3.0,19/05/2026
Z1,N2,T,1.5,19/05/2026
Z1,N2,T,5.5,19/05/2026
Z1,N2,T,1.7,19/05/2026
Z1,N2,T,9.2,19/05/2026
Z1,N2,T,3.2,19/05/2026
Z1,N2,T,5.6,19/05/2026
Z1,N2,T,3.5,19/05/2026
Z1,N2,T,3.6,19/05/2026
Z1,N2,T,7.3,19/05/2026
Z1,N2,T,7.0,19/05/2026
Z1,N2,T,5.0,19/05/2026
Z1,N2,T,9.1,19/05/2026
Z1,N2,T,12.2,19/05/2026
Z1,N2,T,2.0,19/05/2026
Z1,N2,T,2.2,19/05/2026
Z1,N2,T,1.5,19/05/2026
Z1,N2,T,15.8,19/05/2026
Z1,N2,T,7.1,19/05/2026
Z1,N2,T,5.0,19/05/2026
Z1,N2,T,7.1,19/05/2026
Z1,N2,T,4.0,19/05/2026
Z1,N2,T,8.5,19/05/2026
Z1,N2,T,10.0,19/05/2026
Z1,N2,T,10.2,19/05/2026
Z1,N3,T,4.5,19/05/2026
Z1,N3,T,2.5,19/05/2026
Z1,N3,T,2.0,19/05/2026
Z1,N3,T,7.5,19/05/2026
Z1,N3,T,6.0,19/05/2026
Z1,N3,T,2.0,19/05/2026
Z1,N3,T,5.5,19/05/2026
Z1,N3,T,2.0,19/05/2026
Z1,N3,T,2.3,19/05/2026
Z1,N3,T,8.5,19/05/2026
Z1,N3,T,7.0,19/05/2026
Z1,N3,T,8.0,19/05/2026
Z1,N3,T,4.0,19/05/2026
Z1,N3,T,9.2,19/05/2026
Z1,N3,T,4.5,19/05/2026
Z1,N3,T,3.1,19/05/2026
Z1,N3,T,1.3,19/05/2026
Z1,N3,T,4.2,19/05/2026
Z1,N3,T,5.0,19/05/2026
Z1,N3,T,1.5,19/05/2026
Z1,N3,T,7.0,19/05/2026
Z1,N3,T,8.2,19/05/2026
Z1,N3,T,6.5,19/05/2026
Z1,N3,T,3.6,19/05/2026
Z1,N3,T,0.7,19/05/2026
Z1,N3,T,8.0,19/05/2026
Z1,N3,T,2.5,19/05/2026
Z1,N3,T,4.0,19/05/2026
Z1,N3,T,3.1,19/05/2026
Z1,N3,T,4.5,19/05/2026
Z1,N3,T,3.0,19/05/2026
Z1,N3,T,1.2,19/05/2026
Z1,N3,T,1.3,19/05/2026
Z1,N3,T,3.2,19/05/2026
Z1,N3,T,0.6,19/05/2026
Z1,N3,T,1.0,19/05/2026
Z1,N4,T,5.8,19/05/2026
Z1,N4,T,3.7,19/05/2026
Z1,N4,T,6.4,19/05/2026
Z1,N4,T,5.1,19/05/2026
Z1,N4,T,3.2,19/05/2026
Z1,N4,T,13.0,19/05/2026
Z1,N4,T,13.8,19/05/2026
Z1,N4,T,12.5,19/05/2026
Z1,N4,T,11.2,19/05/2026
Z1,N4,T,8.7,19/05/2026
Z1,N4,T,9.9,19/05/2026
Z1,N4,T,7.3,19/05/2026
Z1,N4,T,6.8,19/05/2026
Z1,N4,T,11.1,19/05/2026
Z1,N4,T,6.7,19/05/2026
Z1,N4,T,5.5,19/05/2026
Z1,N4,T,11.8,19/05/2026
Z1,N4,T,1.7,19/05/2026
Z1,N4,T,6.0,19/05/2026
Z1,N4,T,5.6,19/05/2026
Z1,N4,T,6.6,19/05/2026
Z1,N4,T,15.5,19/05/2026
Z1,N4,T,5.3,19/05/2026
Z1,N4,T,2.4,19/05/2026
Z1,N4,T,7.2,19/05/2026
Z1,N4,T,5.4,19/05/2026
Z1,N4,T,1.5,19/05/2026
Z1,N4,T,1.3,19/05/2026
Z1,N4,T,2.0,19/05/2026
Z1,N4,T,5.6,19/05/2026
Z1,N4,T,2.4,19/05/2026
Z1,N4,T,1.7,19/05/2026
Z1,N4,T,1.1,19/05/2026
Z1,N4,T,2.7,19/05/2026
Z1,N4,T,3.0,19/05/2026
Z1,N4,T,1.3,19/05/2026
Z1,N4,T,1.5,19/05/2026
Z1,N4,T,2.2,19/05/2026
Z1,N4,T,1.0,19/05/2026
Z1,N4,T,1.4,19/05/2026
Z1,N4,T,1.4,19/05/2026
Z1,N4,T,2.1,19/05/2026
Z2,N5,T,0,19/05/2026
Z2,N6,T,1.0,19/05/2026
Z2,N6,T,0.6,19/05/2026
Z2,N6,T,1.5,19/05/2026
Z2,N6,T,1.0,19/05/2026
Z2,N7,T,3.0,19/05/2026
Z2,N8,T,1.5,19/05/2026
Z2,N8,T,2.0,19/05/2026
Z2,N8,T,1.0,19/05/2026
Z2,N8,T,1.2,19/05/2026
Z2,N8,T,2.0,19/05/2026
Z2,N9,T,0.9,19/05/2026
Z2,N9,T,0.9,19/05/2026
Z2,N9,T,2.1,19/05/2026
Z2,N10,T,1.0,19/05/2026
Z2,N10,T,1.0,19/05/2026
Z2,N11,T,0,19/05/2026
Z2,N12,T,1.8,19/05/2026
Z2,N12,T,0.9,19/05/2026
Z2,N12,T,0.6,19/05/2026
Z1,N1,M,6.0,20/05/2026
Z1,N1,M,7.0,20/05/2026
Z1,N1,M,5.6,20/05/2026
Z1,N1,M,7.4,20/05/2026
Z1,N1,M,5.1,20/05/2026
Z1,N1,M,4.8,20/05/2026
Z1,N1,M,4.6,20/05/2026
Z1,N1,M,1.1,20/05/2026
Z1,N1,M,3.9,20/05/2026
Z1,N1,M,4.5,20/05/2026
Z1,N1,M,3.0,20/05/2026
Z1,N1,M,4.0,20/05/2026
Z1,N1,M,4.5,20/05/2026
Z1,N1,M,5.4,20/05/2026
Z1,N1,M,4.4,20/05/2026
Z1,N1,M,5.5,20/05/2026
Z1,N1,M,6.0,20/05/2026
Z1,N1,M,6.0,20/05/2026
Z1,N1,M,5.5,20/05/2026
Z1,N1,M,3.4,20/05/2026
Z1,N1,M,3.0,20/05/2026
Z1,N1,M,3.2,20/05/2026
Z1,N1,M,4.6,20/05/2026
Z1,N1,M,6.5,20/05/2026
Z1,N1,M,5.0,20/05/2026
Z1,N1,M,0.9,20/05/2026
Z1,N1,M,1.0,20/05/2026
Z1,N1,M,3.5,20/05/2026
Z1,N1,M,5.6,20/05/2026
Z1,N1,M,5.0,20/05/2026
Z1,N1,M,4.0,20/05/2026
Z1,N1,M,5.3,20/05/2026
Z1,N1,M,3.9,20/05/2026
Z1,N1,M,2.5,20/05/2026
Z1,N1,M,4.1,20/05/2026
Z1,N1,M,3.1,20/05/2026
Z1,N1,M,4.0,20/05/2026
Z1,N1,M,3.0,20/05/2026
Z1,N1,M,4.5,20/05/2026
Z1,N1,M,4.1,20/05/2026
Z1,N1,M,3.5,20/05/2026
Z1,N1,M,1.4,20/05/2026
Z1,N1,M,2.0,20/05/2026
Z1,N1,M,4.0,20/05/2026
Z1,N1,M,2.0,20/05/2026
Z1,N1,M,3.8,20/05/2026
Z1,N1,M,2.3,20/05/2026
Z1,N1,M,2.4,20/05/2026
Z1,N1,M,3.1,20/05/2026
Z1,N1,M,1.1,20/05/2026
Z1,N1,M,2.0,20/05/2026
Z1,N1,M,1.3,20/05/2026
Z1,N1,M,1.6,20/05/2026
Z1,N1,M,1.5,20/05/2026
Z1,N1,M,2.0,20/05/2026
Z1,N1,M,1.5,20/05/2026
Z1,N2,M,7.2,20/05/2026
Z1,N2,M,6.7,20/05/2026
Z1,N2,M,6.9,20/05/2026
Z1,N2,M,7.5,20/05/2026
Z1,N2,M,6.0,20/05/2026
Z1,N2,M,2.6,20/05/2026
Z1,N2,M,5.9,20/05/2026
Z1,N2,M,5.7,20/05/2026
Z1,N2,M,3.5,20/05/2026
Z1,N2,M,4.0,20/05/2026
Z1,N2,M,7.0,20/05/2026
Z1,N2,M,5.2,20/05/2026
Z1,N2,M,6.3,20/05/2026
Z1,N2,M,2.1,20/05/2026
Z1,N2,M,8.0,20/05/2026
Z1,N2,M,5.8,20/05/2026
Z1,N2,M,4.7,20/05/2026
Z1,N2,M,3.1,20/05/2026
Z1,N2,M,0.9,20/05/2026
Z1,N2,M,8.0,20/05/2026
Z1,N2,M,7.5,20/05/2026
Z1,N2,M,6.6,20/05/2026
Z1,N2,M,6.4,20/05/2026
Z1,N2,M,1.2,20/05/2026
Z1,N2,M,1.8,20/05/2026
Z1,N2,M,3.3,20/05/2026
Z1,N2,M,4.6,20/05/2026
Z1,N2,M,5.7,20/05/2026
Z1,N2,M,4.0,20/05/2026
Z1,N2,M,2.7,20/05/2026
Z1,N2,M,0.4,20/05/2026
Z1,N2,M,7.7,20/05/2026
Z1,N2,M,5.9,20/05/2026
Z1,N2,M,2.0,20/05/2026
Z1,N2,M,5.0,20/05/2026
Z1,N2,M,2.1,20/05/2026
Z1,N2,M,1.0,20/05/2026
Z1,N2,M,0.6,20/05/2026
Z1,N2,M,4.6,20/05/2026
Z1,N2,M,5.8,20/05/2026
Z1,N2,M,5.0,20/05/2026
Z1,N2,M,5.0,20/05/2026
Z1,N2,M,2.3,20/05/2026
Z1,N2,M,3.0,20/05/2026
Z1,N2,M,1.5,20/05/2026
Z1,N2,M,3.6,20/05/2026
Z1,N2,M,2.6,20/05/2026
Z1,N2,M,0.9,20/05/2026
Z1,N2,M,1.8,20/05/2026
Z1,N2,M,1.5,20/05/2026
Z1,N2,M,2.1,20/05/2026
Z1,N2,M,4.2,20/05/2026
Z1,N2,M,1.5,20/05/2026
Z1,N2,M,2.3,20/05/2026
Z1,N2,M,0.7,20/05/2026
Z1,N2,M,0.6,20/05/2026
Z1,N2,M,2.3,20/05/2026
Z1,N2,M,3.2,20/05/2026
Z1,N2,M,3.2,20/05/2026
Z1,N2,M,2.4,20/05/2026
Z1,N2,M,1.0,20/05/2026
Z1,N2,M,2.1,20/05/2026
Z1,N2,M,1.0,20/05/2026
Z1,N3,M,3.8,20/05/2026
Z1,N3,M,15.5,20/05/2026
Z1,N3,M,9.7,20/05/2026
Z1,N3,M,6.4,20/05/2026
Z1,N3,M,4.6,20/05/2026
Z1,N3,M,7.9,20/05/2026
Z1,N3,M,8.3,20/05/2026
Z1,N3,M,14.0,20/05/2026
Z1,N3,M,8.0,20/05/2026
Z1,N3,M,1.6,20/05/2026
Z1,N3,M,2.8,20/05/2026
Z1,N3,M,4.3,20/05/2026
Z1,N3,M,3.4,20/05/2026
Z1,N3,M,7.1,20/05/2026
Z1,N3,M,1.9,20/05/2026
Z1,N3,M,7.2,20/05/2026
Z1,N3,M,6.5,20/05/2026
Z1,N3,M,6.3,20/05/2026
Z1,N3,M,2.0,20/05/2026
Z1,N3,M,7.2,20/05/2026
Z1,N3,M,4.6,20/05/2026
Z1,N3,M,4.4,20/05/2026
Z1,N3,M,2.1,20/05/2026
Z1,N3,M,2.0,20/05/2026
Z1,N3,M,5.2,20/05/2026
Z1,N3,M,5.0,20/05/2026
Z1,N3,M,5.8,20/05/2026
Z1,N3,M,6.4,20/05/2026
Z1,N3,M,2.9,20/05/2026
Z1,N3,M,4.5,20/05/2026
Z1,N3,M,1.7,20/05/2026
Z1,N3,M,4.7,20/05/2026
Z1,N3,M,7.0,20/05/2026
Z1,N3,M,3.0,20/05/2026
Z1,N3,M,1.0,20/05/2026
Z1,N3,M,1.7,20/05/2026
Z1,N3,M,0.8,20/05/2026
Z1,N3,M,4.3,20/05/2026
Z1,N3,M,4.7,20/05/2026
Z1,N3,M,0.6,20/05/2026
Z1,N3,M,6.1,20/05/2026
Z1,N3,M,3.5,20/05/2026
Z1,N3,M,4.7,20/05/2026
Z1,N3,M,4.4,20/05/2026
Z1,N3,M,7.5,20/05/2026
Z1,N3,M,6.4,20/05/2026
Z1,N3,M,4.6,20/05/2026
Z1,N3,M,5.3,20/05/2026
Z1,N3,M,6.0,20/05/2026
Z1,N3,M,1.5,20/05/2026
Z1,N3,M,5.5,20/05/2026
Z1,N3,M,6.7,20/05/2026
Z1,N3,M,3.0,20/05/2026
Z1,N3,M,3.8,20/05/2026
Z1,N3,M,6.2,20/05/2026
Z1,N3,M,2.0,20/05/2026
Z1,N3,M,3.1,20/05/2026
Z1,N3,M,3.8,20/05/2026
Z1,N3,M,1.3,20/05/2026
Z1,N3,M,3.4,20/05/2026
Z1,N3,M,0.9,20/05/2026
Z1,N3,M,6.3,20/05/2026
Z1,N3,M,2.4,20/05/2026
Z1,N3,M,5.0,20/05/2026
Z1,N3,M,7.0,20/05/2026
Z1,N3,M,2.8,20/05/2026
Z1,N3,M,1.7,20/05/2026
Z1,N3,M,2.9,20/05/2026
Z1,N3,M,2.5,20/05/2026
Z1,N3,M,0.7,20/05/2026
Z1,N3,M,0.5,20/05/2026
Z1,N3,M,1.1,20/05/2026
Z1,N3,M,3.3,20/05/2026
Z1,N3,M,1.0,20/05/2026
Z1,N3,M,0.7,20/05/2026
Z1,N3,M,1.3,20/05/2026
Z1,N3,M,3.5,20/05/2026
Z1,N3,M,1.2,20/05/2026
Z1,N3,M,2.5,20/05/2026
Z1,N3,M,2.3,20/05/2026
Z1,N3,M,1.5,20/05/2026
Z1,N3,M,3.6,20/05/2026
Z1,N3,M,1.4,20/05/2026
Z1,N3,M,3.4,20/05/2026
Z1,N3,M,1.7,20/05/2026
Z1,N3,M,0.8,20/05/2026
Z1,N3,M,6.3,20/05/2026
Z1,N3,M,3.4,20/05/2026
Z1,N3,M,1.8,20/05/2026
Z1,N3,M,2.5,20/05/2026
Z1,N3,M,2.0,20/05/2026
Z1,N3,M,0.5,20/05/2026
Z1,N3,M,5.2,20/05/2026
Z1,N3,M,2.0,20/05/2026
Z1,N4,M,1.5,20/05/2026
Z1,N4,M,1.5,20/05/2026
Z1,N4,M,6.5,20/05/2026
Z1,N4,M,3.0,20/05/2026
Z1,N4,M,4.5,20/05/2026
Z1,N4,M,9.0,20/05/2026
Z1,N4,M,7.5,20/05/2026
Z1,N4,M,5.0,20/05/2026
Z1,N4,M,3.5,20/05/2026
Z1,N4,M,9.0,20/05/2026
Z1,N4,M,7.5,20/05/2026
Z1,N4,M,7.0,20/05/2026
Z1,N4,M,5.7,20/05/2026
Z1,N4,M,6.6,20/05/2026
Z1,N4,M,5.4,20/05/2026
Z1,N4,M,6.2,20/05/2026
Z1,N4,M,4.2,20/05/2026
Z1,N4,M,5.7,20/05/2026
Z1,N4,M,8.0,20/05/2026
Z1,N4,M,3.0,20/05/2026
Z1,N4,M,7.0,20/05/2026
Z1,N4,M,5.7,20/05/2026
Z1,N4,M,7.5,20/05/2026
Z1,N4,M,6.5,20/05/2026
Z1,N4,M,3.5,20/05/2026
Z1,N4,M,5.3,20/05/2026
Z1,N4,M,3.7,20/05/2026
Z1,N4,M,4.5,20/05/2026
Z1,N4,M,5.2,20/05/2026
Z1,N4,M,5.2,20/05/2026
Z1,N4,M,5.6,20/05/2026
Z1,N4,M,4.2,20/05/2026
Z1,N4,M,4.3,20/05/2026
Z1,N4,M,6.0,20/05/2026
Z1,N4,M,4.6,20/05/2026
Z1,N4,M,5.9,20/05/2026
Z1,N4,M,6.7,20/05/2026
Z1,N4,M,7.3,20/05/2026
Z1,N4,M,4.5,20/05/2026
Z1,N4,M,3.9,20/05/2026
Z1,N4,M,7.4,20/05/2026
Z1,N4,M,7.4,20/05/2026
Z2,N5,M,3.0,20/05/2026
Z2,N5,M,0.9,20/05/2026
Z2,N5,M,3.2,20/05/2026
Z2,N5,M,1.5,20/05/2026
Z2,N5,M,0.8,20/05/2026
Z2,N5,M,1.3,20/05/2026
Z2,N5,M,1.6,20/05/2026
Z2,N5,M,2.0,20/05/2026
Z2,N5,M,0.6,20/05/2026
Z2,N5,M,6.0,20/05/2026
Z2,N5,M,7.0,20/05/2026
Z2,N5,M,7.5,20/05/2026
Z2,N5,M,3.6,20/05/2026
Z2,N5,M,8.7,20/05/2026
Z2,N5,M,4.5,20/05/2026
Z2,N5,M,4.6,20/05/2026
Z2,N5,M,5.0,20/05/2026
Z2,N5,M,7.6,20/05/2026
Z2,N5,M,3.5,20/05/2026
Z2,N5,M,3.4,20/05/2026
Z2,N5,M,3.5,20/05/2026
Z2,N5,M,3.5,20/05/2026
Z2,N5,M,2.6,20/05/2026
Z2,N5,M,1.0,20/05/2026
Z2,N5,M,3.1,20/05/2026
Z2,N5,M,3.0,20/05/2026
Z2,N5,M,5.5,20/05/2026
Z2,N5,M,3.7,20/05/2026
Z2,N5,M,3.2,20/05/2026
Z2,N5,M,12.2,20/05/2026
Z2,N5,M,2.3,20/05/2026
Z2,N5,M,2.0,20/05/2026
Z2,N5,M,2.7,20/05/2026
Z2,N5,M,3.0,20/05/2026
Z2,N5,M,3.3,20/05/2026
Z2,N5,M,3.5,20/05/2026
Z2,N5,M,2.0,20/05/2026
Z2,N5,M,2.7,20/05/2026
Z2,N5,M,3.0,20/05/2026
Z2,N5,M,7.3,20/05/2026
Z2,N5,M,6.0,20/05/2026
Z2,N5,M,3.0,20/05/2026
Z2,N5,M,4.0,20/05/2026
Z2,N5,M,3.5,20/05/2026
Z2,N5,M,4.0,20/05/2026
Z2,N5,M,3.5,20/05/2026
Z2,N5,M,3.0,20/05/2026
Z2,N5,M,3.3,20/05/2026
Z2,N5,M,4.4,20/05/2026
Z2,N5,M,3.0,20/05/2026
Z2,N5,M,3.3,20/05/2026
Z2,N5,M,1.7,20/05/2026
Z2,N5,M,2.5,20/05/2026
Z2,N5,M,5.0,20/05/2026
Z2,N5,M,4.0,20/05/2026
Z2,N5,M,3.0,20/05/2026
Z2,N5,M,4.0,20/05/2026
Z2,N6,M,3.2,20/05/2026
Z2,N6,M,10.7,20/05/2026
Z2,N6,M,3.8,20/05/2026
Z2,N6,M,4.0,20/05/2026
Z2,N6,M,3.5,20/05/2026
Z2,N6,M,5.8,20/05/2026
Z2,N6,M,4.8,20/05/2026
Z2,N6,M,5.4,20/05/2026
Z2,N6,M,2.3,20/05/2026
Z2,N6,M,8.4,20/05/2026
Z2,N6,M,10.4,20/05/2026
Z2,N6,M,5.1,20/05/2026
Z2,N6,M,13.0,20/05/2026
Z2,N6,M,4.5,20/05/2026
Z2,N6,M,5.7,20/05/2026
Z2,N6,M,1.0,20/05/2026
Z2,N6,M,1.5,20/05/2026
Z2,N6,M,5.0,20/05/2026
Z2,N6,M,3.2,20/05/2026
Z2,N6,M,3.0,20/05/2026
Z2,N6,M,4.5,20/05/2026
Z2,N6,M,4.6,20/05/2026
Z2,N6,M,3.0,20/05/2026
Z2,N6,M,2.0,20/05/2026
Z2,N6,M,5.0,20/05/2026
Z2,N6,M,3.0,20/05/2026
Z2,N6,M,2.9,20/05/2026
Z2,N6,M,2.0,20/05/2026
Z2,N6,M,3.1,20/05/2026
Z2,N6,M,5.0,20/05/2026
Z2,N6,M,3.1,20/05/2026
Z2,N6,M,5.5,20/05/2026
Z2,N6,M,2.5,20/05/2026
Z2,N6,M,3.3,20/05/2026
Z2,N6,M,1.6,20/05/2026
Z2,N6,M,2.5,20/05/2026
Z2,N6,M,1.3,20/05/2026
Z2,N6,M,2.5,20/05/2026
Z2,N6,M,2.4,20/05/2026
Z2,N6,M,3.0,20/05/2026
Z2,N6,M,2.8,20/05/2026
Z2,N6,M,1.6,20/05/2026
Z2,N6,M,3.1,20/05/2026
Z2,N6,M,2.6,20/05/2026
Z2,N6,M,1.5,20/05/2026
Z2,N6,M,1.3,20/05/2026
Z2,N6,M,1.0,20/05/2026
Z2,N6,M,1.2,20/05/2026
Z2,N7,M,7.0,20/05/2026
Z2,N7,M,4.5,20/05/2026
Z2,N7,M,3.5,20/05/2026
Z2,N7,M,4.0,20/05/2026
Z2,N7,M,9.0,20/05/2026
Z2,N7,M,2.8,20/05/2026
Z2,N7,M,2.1,20/05/2026
Z2,N7,M,4.2,20/05/2026
Z2,N7,M,8.1,20/05/2026
Z2,N7,M,4.0,20/05/2026
Z2,N7,M,3.5,20/05/2026
Z2,N7,M,4.0,20/05/2026
Z2,N7,M,3.1,20/05/2026
Z2,N7,M,2.5,20/05/2026
Z2,N7,M,2.1,20/05/2026
Z2,N7,M,2.0,20/05/2026
Z2,N7,M,4.1,20/05/2026
Z2,N7,M,3.1,20/05/2026
Z2,N7,M,3.0,20/05/2026
Z2,N7,M,1.5,20/05/2026
Z2,N7,M,2.0,20/05/2026
Z2,N7,M,3.0,20/05/2026
Z2,N7,M,3.0,20/05/2026
Z2,N7,M,1.5,20/05/2026
Z2,N7,M,2.6,20/05/2026
Z2,N7,M,3.5,20/05/2026
Z2,N7,M,2.0,20/05/2026
Z2,N7,M,2.9,20/05/2026
Z2,N7,M,2.9,20/05/2026
Z2,N7,M,2.3,20/05/2026
Z2,N7,M,2.6,20/05/2026
Z2,N7,M,1.9,20/05/2026
Z2,N7,M,2.1,20/05/2026
Z2,N7,M,2.5,20/05/2026
Z2,N7,M,2.0,20/05/2026
Z2,N7,M,1.3,20/05/2026
Z2,N7,M,2.2,20/05/2026
Z2,N7,M,2.5,20/05/2026
Z2,N7,M,2.0,20/05/2026
Z2,N7,M,1.6,20/05/2026
Z2,N7,M,2.1,20/05/2026
Z2,N7,M,1.7,20/05/2026
Z2,N7,M,2.1,20/05/2026
Z2,N7,M,2.6,20/05/2026
Z2,N8,M,10.3,20/05/2026
Z2,N8,M,4.1,20/05/2026
Z2,N8,M,7.3,20/05/2026
Z2,N8,M,2.7,20/05/2026
Z2,N8,M,2.4,20/05/2026
Z2,N8,M,3.6,20/05/2026
Z2,N8,M,3.4,20/05/2026
Z2,N8,M,1.5,20/05/2026
Z2,N8,M,3.0,20/05/2026
Z2,N8,M,3.0,20/05/2026
Z2,N8,M,2.4,20/05/2026
Z2,N8,M,3.3,20/05/2026
Z2,N8,M,4.2,20/05/2026
Z2,N8,M,4.5,20/05/2026
Z2,N8,M,2.4,20/05/2026
Z2,N8,M,12.0,20/05/2026
Z2,N8,M,1.0,20/05/2026
Z2,N8,M,2.6,20/05/2026
Z2,N8,M,1.4,20/05/2026
Z2,N8,M,3.0,20/05/2026
Z2,N8,M,2.3,20/05/2026
Z2,N8,M,2.2,20/05/2026
Z2,N8,M,4.0,20/05/2026
Z2,N8,M,3.1,20/05/2026
Z2,N8,M,2.2,20/05/2026
Z2,N8,M,2.5,20/05/2026
Z2,N8,M,2.9,20/05/2026
Z2,N8,M,2.3,20/05/2026
Z2,N8,M,3.5,20/05/2026
Z2,N8,M,1.0,20/05/2026
Z2,N8,M,2.3,20/05/2026
Z2,N8,M,3.0,20/05/2026
Z2,N8,M,1.9,20/05/2026
Z2,N8,M,2.8,20/05/2026
Z2,N8,M,1.8,20/05/2026
Z2,N8,M,2.6,20/05/2026
Z2,N8,M,2.0,20/05/2026
Z2,N8,M,2.2,20/05/2026
Z2,N8,M,1.2,20/05/2026
Z2,N8,M,2.3,20/05/2026
Z2,N8,M,1.4,20/05/2026
Z2,N8,M,1.4,20/05/2026
Z2,N8,M,1.1,20/05/2026
Z2,N8,M,1.0,20/05/2026
Z2,N8,M,2.2,20/05/2026
Z2,N8,M,0.9,20/05/2026
Z2,N8,M,1.4,20/05/2026
Z2,N8,M,0.7,20/05/2026
Z2,N8,M,0.9,20/05/2026
Z2,N8,M,1.4,20/05/2026
Z2,N8,M,0.5,20/05/2026
Z2,N8,M,0.6,20/05/2026
Z2,N8,M,0.6,20/05/2026
Z2,N8,M,0.7,20/05/2026
Z2,N9,M,0,20/05/2026
Z2,N10,M,3.0,20/05/2026
Z2,N10,M,3.7,20/05/2026
Z2,N10,M,3.5,20/05/2026
Z2,N10,M,3.5,20/05/2026
Z2,N10,M,2.9,20/05/2026
Z2,N10,M,2.6,20/05/2026
Z2,N10,M,2.5,20/05/2026
Z2,N10,M,2.1,20/05/2026
Z2,N10,M,2.5,20/05/2026
Z2,N10,M,3.0,20/05/2026
Z2,N10,M,2.0,20/05/2026
Z2,N10,M,3.1,20/05/2026
Z2,N10,M,1.5,20/05/2026
Z2,N10,M,1.9,20/05/2026
Z2,N10,M,3.0,20/05/2026
Z2,N10,M,4.1,20/05/2026
Z2,N10,M,2.1,20/05/2026
Z2,N10,M,2.4,20/05/2026
Z2,N10,M,2.6,20/05/2026
Z2,N10,M,2.0,20/05/2026
Z2,N11,M,5.0,20/05/2026
Z2,N11,M,3.5,20/05/2026
Z2,N11,M,4.0,20/05/2026
Z2,N11,M,4.4,20/05/2026
Z2,N11,M,3.0,20/05/2026
Z2,N11,M,3.0,20/05/2026
Z2,N11,M,1.0,20/05/2026
Z2,N11,M,3.6,20/05/2026
Z2,N11,M,3.0,20/05/2026
Z2,N11,M,4.5,20/05/2026
Z2,N11,M,3.0,20/05/2026
Z2,N11,M,4.5,20/05/2026
Z2,N11,M,3.0,20/05/2026
Z2,N11,M,3.5,20/05/2026
Z2,N11,M,3.6,20/05/2026
Z2,N11,M,3.0,20/05/2026
Z2,N11,M,3.4,20/05/2026
Z2,N11,M,2.6,20/05/2026
Z2,N11,M,2.4,20/05/2026
Z2,N11,M,3.5,20/05/2026
Z2,N11,M,2.4,20/05/2026
Z2,N11,M,2.6,20/05/2026
Z2,N11,M,2.5,20/05/2026
Z2,N11,M,2.9,20/05/2026
Z2,N11,M,2.5,20/05/2026
Z2,N11,M,3.5,20/05/2026
Z2,N11,M,2.0,20/05/2026
Z2,N11,M,1.0,20/05/2026
Z2,N11,M,1.5,20/05/2026
Z2,N11,M,1.5,20/05/2026
Z2,N11,M,1.0,20/05/2026
Z2,N12,M,1.0,20/05/2026
Z2,N12,M,5.3,20/05/2026
Z2,N12,M,4.0,20/05/2026
Z2,N12,M,4.3,20/05/2026
Z2,N12,M,3.2,20/05/2026
Z2,N12,M,2.0,20/05/2026
Z2,N12,M,2.5,20/05/2026
Z2,N12,M,3.0,20/05/2026
Z2,N12,M,2.8,20/05/2026
Z2,N12,M,3.0,20/05/2026
Z2,N12,M,3.8,20/05/2026
Z2,N12,M,4.2,20/05/2026
Z2,N12,M,3.0,20/05/2026
Z2,N12,M,1.0,20/05/2026
Z2,N12,M,2.3,20/05/2026
Z2,N12,M,4.3,20/05/2026
Z2,N12,M,3.4,20/05/2026
Z2,N12,M,3.6,20/05/2026
Z2,N12,M,3.0,20/05/2026
Z2,N12,M,1.0,20/05/2026
Z2,N12,M,3.0,20/05/2026
Z2,N12,M,2.0,20/05/2026
Z2,N12,M,4.6,20/05/2026
Z1,N1,T,5.0,20/05/2026
Z1,N1,T,5.3,20/05/2026
Z1,N1,T,6.4,20/05/2026
Z1,N1,T,4.6,20/05/2026
Z1,N1,T,5.9,20/05/2026
Z1,N1,T,4.9,20/05/2026
Z1,N1,T,6.0,20/05/2026
Z1,N1,T,5.0,20/05/2026
Z1,N1,T,4.7,20/05/2026
Z1,N1,T,5.4,20/05/2026
Z1,N1,T,4.8,20/05/2026
Z1,N1,T,6.5,20/05/2026
Z1,N1,T,3.5,20/05/2026
Z1,N1,T,5.9,20/05/2026
Z1,N1,T,7.0,20/05/2026
Z1,N1,T,4.5,20/05/2026
Z1,N1,T,1.3,20/05/2026
Z1,N1,T,6.0,20/05/2026
Z1,N1,T,4.0,20/05/2026
Z1,N1,T,3.2,20/05/2026
Z1,N1,T,3.0,20/05/2026
Z1,N1,T,1.5,20/05/2026
Z1,N1,T,2.4,20/05/2026
Z1,N1,T,2.3,20/05/2026
Z1,N1,T,3.9,20/05/2026
Z1,N1,T,1.0,20/05/2026
Z1,N1,T,1.7,20/05/2026
Z1,N1,T,1.8,20/05/2026
Z1,N1,T,2.3,20/05/2026
Z1,N2,T,3.5,20/05/2026
Z1,N2,T,5.0,20/05/2026
Z1,N2,T,6.0,20/05/2026
Z1,N2,T,4.6,20/05/2026
Z1,N2,T,4.9,20/05/2026
Z1,N2,T,4.1,20/05/2026
Z1,N2,T,7.5,20/05/2026
Z1,N2,T,5.0,20/05/2026
Z1,N2,T,5.5,20/05/2026
Z1,N2,T,4.9,20/05/2026
Z1,N2,T,7.0,20/05/2026
Z1,N2,T,6.0,20/05/2026
Z1,N2,T,2.5,20/05/2026
Z1,N2,T,5.5,20/05/2026
Z1,N2,T,6.4,20/05/2026
Z1,N2,T,6.0,20/05/2026
Z1,N2,T,6.4,20/05/2026
Z1,N2,T,5.0,20/05/2026
Z1,N2,T,4.6,20/05/2026
Z1,N2,T,6.3,20/05/2026
Z1,N2,T,3.5,20/05/2026
Z1,N2,T,5.0,20/05/2026
Z1,N2,T,2.6,20/05/2026
Z1,N2,T,5.3,20/05/2026
Z1,N2,T,3.7,20/05/2026
Z1,N2,T,2.6,20/05/2026
Z1,N2,T,5.9,20/05/2026
Z1,N2,T,2.7,20/05/2026
Z1,N2,T,3.4,20/05/2026
Z1,N2,T,1.9,20/05/2026
Z1,N2,T,1.4,20/05/2026
Z1,N2,T,3.0,20/05/2026
Z1,N2,T,3.2,20/05/2026
Z1,N2,T,3.7,20/05/2026
Z1,N2,T,2.8,20/05/2026
Z1,N2,T,2.2,20/05/2026
Z1,N2,T,3.0,20/05/2026
Z1,N2,T,2.4,20/05/2026
Z1,N2,T,4.4,20/05/2026
Z1,N2,T,1.6,20/05/2026
Z1,N2,T,2.1,20/05/2026
Z1,N2,T,2.6,20/05/2026
Z1,N2,T,1.0,20/05/2026
Z1,N3,T,1.6,20/05/2026
Z1,N3,T,1.3,20/05/2026
Z1,N3,T,0.6,20/05/2026
Z1,N3,T,3.0,20/05/2026
Z1,N3,T,4.0,20/05/2026
Z1,N3,T,6.5,20/05/2026
Z1,N3,T,4.0,20/05/2026
Z1,N3,T,2.5,20/05/2026
Z1,N3,T,6.5,20/05/2026
Z1,N3,T,1.5,20/05/2026
Z1,N3,T,6.0,20/05/2026
Z1,N3,T,2.0,20/05/2026
Z1,N3,T,3.0,20/05/2026
Z1,N3,T,3.0,20/05/2026
Z1,N3,T,1.6,20/05/2026
Z1,N3,T,6.0,20/05/2026
Z1,N3,T,4.0,20/05/2026
Z1,N3,T,2.0,20/05/2026
Z1,N3,T,3.5,20/05/2026
Z1,N3,T,3.0,20/05/2026
Z1,N3,T,3.5,20/05/2026
Z1,N3,T,5.0,20/05/2026
Z1,N3,T,1.5,20/05/2026
Z1,N3,T,4.0,20/05/2026
Z1,N3,T,4.2,20/05/2026
Z1,N3,T,3.5,20/05/2026
Z1,N3,T,1.1,20/05/2026
Z1,N3,T,2.6,20/05/2026
Z1,N3,T,3.1,20/05/2026
Z1,N3,T,1.5,20/05/2026
Z1,N3,T,3.0,20/05/2026
Z1,N3,T,5.5,20/05/2026
Z1,N3,T,3.2,20/05/2026
Z1,N3,T,6.0,20/05/2026
Z1,N3,T,7.5,20/05/2026
Z1,N3,T,3.0,20/05/2026
Z1,N3,T,3.7,20/05/2026
Z1,N3,T,5.5,20/05/2026
Z1,N3,T,5.7,20/05/2026
Z1,N3,T,3.5,20/05/2026
Z1,N3,T,2.1,20/05/2026
Z1,N3,T,3.2,20/05/2026
Z1,N3,T,4.5,20/05/2026
Z1,N3,T,7.0,20/05/2026
Z1,N3,T,6.5,20/05/2026
Z1,N3,T,4.6,20/05/2026
Z1,N3,T,5.5,20/05/2026
Z1,N3,T,1.6,20/05/2026
Z1,N3,T,1.5,20/05/2026
Z1,N3,T,1.0,20/05/2026
Z1,N3,T,1.6,20/05/2026
Z1,N3,T,6.0,20/05/2026
Z1,N3,T,5.5,20/05/2026
Z1,N3,T,6.5,20/05/2026
Z1,N3,T,7.0,20/05/2026
Z1,N3,T,8.0,20/05/2026
Z1,N3,T,5.0,20/05/2026
Z1,N3,T,5.0,20/05/2026
Z1,N3,T,4.2,20/05/2026
Z1,N3,T,3.5,20/05/2026
Z1,N3,T,1.7,20/05/2026
Z1,N3,T,1.8,20/05/2026
Z1,N3,T,5.5,20/05/2026
Z1,N3,T,6.0,20/05/2026
Z1,N3,T,5.5,20/05/2026
Z1,N3,T,6.7,20/05/2026
Z1,N3,T,6.5,20/05/2026
Z1,N3,T,5.5,20/05/2026
Z1,N3,T,6.0,20/05/2026
Z1,N3,T,3.0,20/05/2026
Z1,N3,T,7.1,20/05/2026
Z1,N3,T,6.0,20/05/2026
Z1,N3,T,5.5,20/05/2026
Z1,N3,T,4.7,20/05/2026
Z1,N3,T,6.2,20/05/2026
Z1,N3,T,6.0,20/05/2026
Z1,N3,T,2.0,20/05/2026
Z1,N3,T,6.5,20/05/2026
Z1,N3,T,6.0,20/05/2026
Z1,N3,T,6.2,20/05/2026
Z1,N3,T,4.5,20/05/2026
Z1,N3,T,6.0,20/05/2026
Z1,N3,T,6.0,20/05/2026
Z1,N3,T,2.5,20/05/2026
Z1,N3,T,5.0,20/05/2026
Z1,N3,T,6.0,20/05/2026
Z1,N3,T,5.0,20/05/2026
Z1,N3,T,3.0,20/05/2026
Z1,N3,T,7.0,20/05/2026
Z1,N3,T,4.5,20/05/2026
Z1,N3,T,5.2,20/05/2026
Z1,N3,T,5.1,20/05/2026
Z1,N3,T,3.5,20/05/2026
Z1,N3,T,3.6,20/05/2026
Z1,N3,T,5.2,20/05/2026
Z1,N3,T,5.3,20/05/2026
Z1,N3,T,2.4,20/05/2026
Z1,N3,T,1.6,20/05/2026
Z1,N3,T,3.0,20/05/2026
Z1,N3,T,7.6,20/05/2026
Z1,N3,T,7.0,20/05/2026
Z1,N3,T,6.3,20/05/2026
Z1,N3,T,7.3,20/05/2026
Z1,N3,T,7.0,20/05/2026
Z1,N3,T,2.5,20/05/2026
Z1,N3,T,8.0,20/05/2026
Z1,N3,T,6.1,20/05/2026
Z1,N3,T,7.0,20/05/2026
Z1,N3,T,6.7,20/05/2026
Z1,N3,T,2.3,20/05/2026
Z1,N3,T,3.7,20/05/2026
Z1,N3,T,6.5,20/05/2026
Z1,N3,T,3.1,20/05/2026
Z1,N3,T,6.0,20/05/2026
Z1,N3,T,5.5,20/05/2026
Z1,N3,T,7.0,20/05/2026
Z1,N3,T,6.5,20/05/2026
Z1,N3,T,0.7,20/05/2026
Z1,N3,T,3.0,20/05/2026
Z1,N3,T,1.5,20/05/2026
Z1,N3,T,2.2,20/05/2026
Z1,N3,T,7.5,20/05/2026
Z1,N3,T,4.0,20/05/2026
Z1,N3,T,2.5,20/05/2026
Z1,N3,T,6.4,20/05/2026
Z1,N3,T,3.7,20/05/2026
Z1,N3,T,3.4,20/05/2026
Z1,N3,T,3.7,20/05/2026
Z1,N3,T,4.5,20/05/2026
Z1,N3,T,2.5,20/05/2026
Z1,N3,T,4.1,20/05/2026
Z1,N3,T,2.3,20/05/2026
Z1,N3,T,4.0,20/05/2026
Z1,N3,T,3.0,20/05/2026
Z1,N3,T,2.2,20/05/2026
Z1,N3,T,7.0,20/05/2026
Z1,N3,T,3.0,20/05/2026
Z1,N3,T,1.7,20/05/2026
Z1,N3,T,0.5,20/05/2026
Z1,N3,T,2.0,20/05/2026
Z1,N3,T,1.6,20/05/2026
Z1,N3,T,3.5,20/05/2026
Z1,N3,T,6.3,20/05/2026
Z1,N3,T,4.5,20/05/2026
Z1,N3,T,2.6,20/05/2026
Z1,N3,T,3.5,20/05/2026
Z1,N3,T,1.6,20/05/2026
Z1,N3,T,2.6,20/05/2026
Z1,N3,T,1.7,20/05/2026
Z1,N3,T,0.7,20/05/2026
Z1,N3,T,2.2,20/05/2026
Z1,N3,T,1.8,20/05/2026
Z1,N3,T,4.5,20/05/2026
Z1,N3,T,4.8,20/05/2026
Z1,N3,T,5.0,20/05/2026
Z1,N3,T,5.7,20/05/2026
Z1,N3,T,0.6,20/05/2026
Z1,N3,T,1.4,20/05/2026
Z1,N3,T,1.9,20/05/2026
Z1,N3,T,5.0,20/05/2026
Z1,N3,T,5.2,20/05/2026
Z1,N3,T,2.8,20/05/2026
Z1,N3,T,4.5,20/05/2026
Z1,N3,T,2.7,20/05/2026
Z1,N3,T,5.8,20/05/2026
Z1,N3,T,1.0,20/05/2026
Z1,N3,T,2.0,20/05/2026
Z1,N4,T,10.5,20/05/2026
Z1,N4,T,2.5,20/05/2026
Z1,N4,T,6.7,20/05/2026
Z1,N4,T,6.5,20/05/2026
Z1,N4,T,3.6,20/05/2026
Z1,N4,T,5.4,20/05/2026
Z1,N4,T,7.1,20/05/2026
Z1,N4,T,6.3,20/05/2026
Z1,N4,T,6.7,20/05/2026
Z1,N4,T,2.0,20/05/2026
Z1,N4,T,1.5,20/05/2026
Z1,N4,T,1.2,20/05/2026
Z1,N4,T,1.8,20/05/2026
Z1,N4,T,1.4,20/05/2026
Z1,N4,T,1.5,20/05/2026
Z1,N4,T,4.9,20/05/2026
Z1,N4,T,6.4,20/05/2026
Z1,N4,T,8.7,20/05/2026
Z1,N4,T,4.8,20/05/2026
Z1,N4,T,7.9,20/05/2026
Z1,N4,T,3.6,20/05/2026
Z1,N4,T,3.3,20/05/2026
Z1,N4,T,5.4,20/05/2026
Z1,N4,T,3.7,20/05/2026
Z1,N4,T,8.0,20/05/2026
Z1,N4,T,2.1,20/05/2026
Z1,N4,T,1.7,20/05/2026
Z1,N4,T,4.4,20/05/2026
Z1,N4,T,1.8,20/05/2026
Z1,N4,T,2.0,20/05/2026
Z1,N4,T,4.0,20/05/2026
Z1,N4,T,7.7,20/05/2026
Z1,N4,T,4.8,20/05/2026
Z1,N4,T,1.3,20/05/2026
Z1,N4,T,1.5,20/05/2026
Z1,N4,T,4.6,20/05/2026
Z1,N4,T,6.9,20/05/2026
Z1,N4,T,7.4,20/05/2026
Z1,N4,T,6.0,20/05/2026
Z1,N4,T,6.8,20/05/2026
Z1,N4,T,5.0,20/05/2026
Z1,N4,T,7.5,20/05/2026
Z1,N4,T,7.4,20/05/2026
Z1,N4,T,5.6,20/05/2026
Z1,N4,T,4.3,20/05/2026
Z1,N4,T,1.5,20/05/2026
Z1,N4,T,5.1,20/05/2026
Z1,N4,T,8.0,20/05/2026
Z1,N4,T,5.6,20/05/2026
Z1,N4,T,5.9,20/05/2026
Z1,N4,T,7.8,20/05/2026
Z1,N4,T,5.5,20/05/2026
Z1,N4,T,7.2,20/05/2026
Z1,N4,T,7.4,20/05/2026
Z1,N4,T,8.3,20/05/2026
Z1,N4,T,7.9,20/05/2026
Z1,N4,T,7.1,20/05/2026
Z1,N4,T,7.0,20/05/2026
Z1,N4,T,6.1,20/05/2026
Z1,N4,T,4.8,20/05/2026
Z1,N4,T,4.0,20/05/2026
Z1,N4,T,8.5,20/05/2026
Z1,N4,T,7.0,20/05/2026
Z1,N4,T,4.0,20/05/2026
Z1,N4,T,5.3,20/05/2026
Z1,N4,T,1.0,20/05/2026
Z1,N4,T,1.6,20/05/2026
Z1,N4,T,4.1,20/05/2026
Z1,N4,T,3.2,20/05/2026
Z1,N4,T,2.0,20/05/2026
Z1,N4,T,3.0,20/05/2026
Z1,N4,T,1.3,20/05/2026
Z1,N4,T,3.4,20/05/2026
Z1,N4,T,5.3,20/05/2026
Z1,N4,T,1.8,20/05/2026
Z1,N4,T,3.2,20/05/2026
Z1,N4,T,3.0,20/05/2026
Z1,N4,T,1.7,20/05/2026
Z1,N4,T,3.0,20/05/2026
Z1,N4,T,1.7,20/05/2026
Z1,N4,T,3.4,20/05/2026
Z1,N4,T,1.2,20/05/2026
Z1,N4,T,0.9,20/05/2026
Z1,N4,T,2.8,20/05/2026
Z1,N4,T,0.5,20/05/2026
Z1,N4,T,0.8,20/05/2026
Z1,N4,T,1.5,20/05/2026
Z1,N4,T,2.6,20/05/2026
Z1,N4,T,1.4,20/05/2026
Z1,N4,T,1.0,20/05/2026
Z1,N4,T,0.9,20/05/2026
Z1,N4,T,1.5,20/05/2026
Z1,N4,T,3.9,20/05/2026
Z1,N4,T,1.3,20/05/2026
Z1,N4,T,1.0,20/05/2026
Z1,N4,T,3.3,20/05/2026
Z1,N4,T,2.0,20/05/2026
Z1,N4,T,4.4,20/05/2026
Z1,N4,T,5.6,20/05/2026
Z1,N4,T,2.9,20/05/2026
Z1,N4,T,2.2,20/05/2026
Z1,N4,T,2.3,20/05/2026
Z1,N4,T,7.9,20/05/2026
Z1,N4,T,0.9,20/05/2026
Z1,N4,T,3.4,20/05/2026
Z1,N4,T,4.4,20/05/2026
Z1,N4,T,2.3,20/05/2026
Z1,N4,T,3.2,20/05/2026
Z1,N4,T,1.8,20/05/2026
Z1,N4,T,1.0,20/05/2026
Z1,N4,T,1.0,20/05/2026
Z1,N4,T,6.5,20/05/2026
Z1,N4,T,3.6,20/05/2026
Z1,N4,T,3.0,20/05/2026
Z1,N4,T,5.0,20/05/2026
Z1,N4,T,2.9,20/05/2026
Z1,N4,T,5.1,20/05/2026
Z1,N4,T,5.5,20/05/2026
Z1,N4,T,5.5,20/05/2026
Z1,N4,T,5.6,20/05/2026
Z1,N4,T,5.6,20/05/2026
Z1,N4,T,2.0,20/05/2026
Z1,N4,T,3.0,20/05/2026
Z1,N4,T,4.8,20/05/2026
Z1,N4,T,4.4,20/05/2026
Z1,N4,T,2.6,20/05/2026
Z1,N4,T,4.0,20/05/2026
Z1,N4,T,3.4,20/05/2026
Z1,N4,T,4.5,20/05/2026
Z1,N4,T,4.5,20/05/2026
Z1,N4,T,4.4,20/05/2026
Z1,N4,T,5.3,20/05/2026
Z1,N4,T,3.0,20/05/2026
Z1,N4,T,2.1,20/05/2026
Z1,N4,T,4.5,20/05/2026
Z1,N4,T,1.9,20/05/2026
Z1,N4,T,4.6,20/05/2026
Z1,N4,T,3.1,20/05/2026
Z1,N4,T,5.9,20/05/2026
Z1,N4,T,1.6,20/05/2026
Z1,N4,T,2.8,20/05/2026
Z1,N4,T,3.5,20/05/2026
Z1,N4,T,5.1,20/05/2026
Z1,N4,T,5.0,20/05/2026
Z1,N4,T,4.0,20/05/2026
Z1,N4,T,4.6,20/05/2026
Z1,N4,T,2.5,20/05/2026
Z1,N4,T,3.5,20/05/2026
Z1,N4,T,3.6,20/05/2026
Z1,N4,T,4.3,20/05/2026
Z1,N4,T,5.3,20/05/2026
Z1,N4,T,2.8,20/05/2026
Z1,N4,T,5.5,20/05/2026
Z1,N4,T,6.3,20/05/2026
Z1,N4,T,4.9,20/05/2026
Z1,N4,T,1.0,20/05/2026
Z1,N4,T,3.1,20/05/2026
Z1,N4,T,3.5,20/05/2026
Z1,N4,T,4.5,20/05/2026
Z1,N4,T,1.9,20/05/2026
Z1,N4,T,4.8,20/05/2026
Z1,N4,T,3.0,20/05/2026
Z1,N4,T,2.5,20/05/2026
Z1,N4,T,1.5,20/05/2026
Z1,N4,T,3.0,20/05/2026
Z2,N5,T,13.2,20/05/2026
Z2,N5,T,10.4,20/05/2026
Z2,N5,T,9.8,20/05/2026
Z2,N5,T,8.8,20/05/2026
Z2,N5,T,4.1,20/05/2026
Z2,N5,T,7.7,20/05/2026
Z2,N5,T,4.4,20/05/2026
Z2,N5,T,11.5,20/05/2026
Z2,N5,T,2.9,20/05/2026
Z2,N5,T,4.6,20/05/2026
Z2,N5,T,1.1,20/05/2026
Z2,N5,T,4.0,20/05/2026
Z2,N5,T,1.3,20/05/2026
Z2,N5,T,3.4,20/05/2026
Z2,N5,T,11.3,20/05/2026
Z2,N5,T,4.2,20/05/2026
Z2,N5,T,3.6,20/05/2026
Z2,N5,T,5.2,20/05/2026
Z2,N5,T,4.0,20/05/2026
Z2,N5,T,9.3,20/05/2026
Z2,N5,T,5.5,20/05/2026
Z2,N5,T,4.8,20/05/2026
Z2,N5,T,7.3,20/05/2026
Z2,N5,T,5.4,20/05/2026
Z2,N5,T,2.5,20/05/2026
Z2,N5,T,1.3,20/05/2026
Z2,N5,T,1.4,20/05/2026
Z2,N5,T,3.5,20/05/2026
Z2,N5,T,4.5,20/05/2026
Z2,N5,T,4.9,20/05/2026
Z2,N5,T,10.5,20/05/2026
Z2,N5,T,11.0,20/05/2026
Z2,N5,T,2.5,20/05/2026
Z2,N5,T,3.0,20/05/2026
Z2,N5,T,5.6,20/05/2026
Z2,N5,T,3.9,20/05/2026
Z2,N5,T,3.2,20/05/2026
Z2,N5,T,2.7,20/05/2026
Z2,N5,T,3.6,20/05/2026
Z2,N5,T,5.4,20/05/2026
Z2,N5,T,4.4,20/05/2026
Z2,N5,T,3.1,20/05/2026
Z2,N5,T,2.4,20/05/2026
Z2,N5,T,3.6,20/05/2026
Z2,N5,T,3.0,20/05/2026
Z2,N5,T,1.3,20/05/2026
Z2,N5,T,1.1,20/05/2026
Z2,N5,T,2.0,20/05/2026
Z2,N5,T,2.8,20/05/2026
Z2,N5,T,0.6,20/05/2026
Z2,N5,T,4.0,20/05/2026
Z2,N5,T,1.5,20/05/2026
Z2,N5,T,0.7,20/05/2026
Z2,N5,T,1.3,20/05/2026
Z2,N5,T,3.6,20/05/2026
Z2,N5,T,3.2,20/05/2026
Z2,N5,T,2.5,20/05/2026
Z2,N5,T,3.3,20/05/2026
Z2,N5,T,1.7,20/05/2026
Z2,N5,T,2.5,20/05/2026
Z2,N5,T,10.0,20/05/2026
Z2,N5,T,10.9,20/05/2026
Z2,N5,T,2.3,20/05/2026
Z2,N5,T,3.5,20/05/2026
Z2,N5,T,1.4,20/05/2026
Z2,N5,T,2.5,20/05/2026
Z2,N5,T,4.0,20/05/2026
Z2,N5,T,6.0,20/05/2026
Z2,N5,T,2.7,20/05/2026
Z2,N5,T,5.2,20/05/2026
Z2,N5,T,3.5,20/05/2026
Z2,N5,T,2.8,20/05/2026
Z2,N5,T,2.6,20/05/2026
Z2,N5,T,3.3,20/05/2026
Z2,N5,T,1.9,20/05/2026
Z2,N5,T,2.3,20/05/2026
Z2,N5,T,2.2,20/05/2026
Z2,N5,T,3.0,20/05/2026
Z2,N5,T,2.7,20/05/2026
Z2,N5,T,4.0,20/05/2026
Z2,N5,T,2.7,20/05/2026
Z2,N5,T,1.8,20/05/2026
Z2,N5,T,1.9,20/05/2026
Z2,N5,T,2.5,20/05/2026
Z2,N5,T,2.7,20/05/2026
Z2,N5,T,2.2,20/05/2026
Z2,N5,T,4.1,20/05/2026
Z2,N5,T,1.6,20/05/2026
Z2,N5,T,0.8,20/05/2026
Z2,N5,T,0.5,20/05/2026
Z2,N5,T,1.6,20/05/2026
Z2,N5,T,2.0,20/05/2026
Z2,N5,T,0.8,20/05/2026
Z2,N5,T,5.4,20/05/2026
Z2,N5,T,4.7,20/05/2026
Z2,N5,T,2.9,20/05/2026
Z2,N5,T,2.3,20/05/2026
Z2,N5,T,0.5,20/05/2026
Z2,N5,T,1.8,20/05/2026
Z2,N5,T,1.9,20/05/2026
Z2,N5,T,3.4,20/05/2026
Z2,N5,T,4.9,20/05/2026
Z2,N5,T,1.0,20/05/2026
Z2,N5,T,2.0,20/05/2026
Z2,N5,T,1.4,20/05/2026
Z2,N6,T,4.7,20/05/2026
Z2,N6,T,3.3,20/05/2026
Z2,N6,T,1.7,20/05/2026
Z2,N6,T,2.7,20/05/2026
Z2,N6,T,1.0,20/05/2026
Z2,N6,T,2.2,20/05/2026
Z2,N6,T,1.0,20/05/2026
Z2,N6,T,3.5,20/05/2026
Z2,N6,T,1.8,20/05/2026
Z2,N6,T,1.5,20/05/2026
Z2,N6,T,1.8,20/05/2026
Z2,N6,T,2.0,20/05/2026
Z2,N6,T,1.2,20/05/2026
Z2,N6,T,1.3,20/05/2026
Z2,N6,T,2.2,20/05/2026
Z2,N6,T,1.2,20/05/2026
Z2,N6,T,6.5,20/05/2026
Z2,N6,T,5.2,20/05/2026
Z2,N6,T,5.4,20/05/2026
Z2,N6,T,2.2,20/05/2026
Z2,N6,T,7.4,20/05/2026
Z2,N6,T,1.0,20/05/2026
Z2,N6,T,1.0,20/05/2026
Z2,N6,T,1.6,20/05/2026
Z2,N6,T,7.0,20/05/2026
Z2,N6,T,2.8,20/05/2026
Z2,N6,T,7.3,20/05/2026
Z2,N6,T,3.2,20/05/2026
Z2,N6,T,3.5,20/05/2026
Z2,N6,T,9.6,20/05/2026
Z2,N6,T,7.0,20/05/2026
Z2,N6,T,7.0,20/05/2026
Z2,N6,T,17.6,20/05/2026
Z2,N6,T,2.5,20/05/2026
Z2,N6,T,3.4,20/05/2026
Z2,N6,T,3.5,20/05/2026
Z2,N6,T,2.5,20/05/2026
Z2,N6,T,3.0,20/05/2026
Z2,N6,T,2.1,20/05/2026
Z2,N6,T,2.5,20/05/2026
Z2,N6,T,6.5,20/05/2026
Z2,N6,T,3.0,20/05/2026
Z2,N6,T,3.0,20/05/2026
Z2,N6,T,2.9,20/05/2026
Z2,N6,T,2.8,20/05/2026
Z2,N6,T,2.1,20/05/2026
Z2,N6,T,3.1,20/05/2026
Z2,N6,T,2.9,20/05/2026
Z2,N6,T,2.4,20/05/2026
Z2,N6,T,1.3,20/05/2026
Z2,N6,T,3.0,20/05/2026
Z2,N6,T,1.9,20/05/2026
Z2,N6,T,1.5,20/05/2026
Z2,N6,T,1.2,20/05/2026
Z2,N6,T,2.5,20/05/2026
Z2,N6,T,2.1,20/05/2026
Z2,N6,T,2.0,20/05/2026
Z2,N6,T,2.5,20/05/2026
Z2,N6,T,3.5,20/05/2026
Z2,N6,T,2.3,20/05/2026
Z2,N6,T,2.2,20/05/2026
Z2,N6,T,2.0,20/05/2026
Z2,N6,T,2.0,20/05/2026
Z2,N6,T,1.5,20/05/2026
Z2,N6,T,2.5,20/05/2026
Z2,N6,T,2.4,20/05/2026
Z2,N6,T,2.0,20/05/2026
Z2,N6,T,1.8,20/05/2026
Z2,N6,T,1.1,20/05/2026
Z2,N6,T,2.1,20/05/2026
Z2,N6,T,1.5,20/05/2026
Z2,N6,T,1.5,20/05/2026
Z2,N6,T,2.1,20/05/2026
Z2,N7,T,3.5,20/05/2026
Z2,N7,T,2.0,20/05/2026
Z2,N7,T,3.5,20/05/2026
Z2,N7,T,3.2,20/05/2026
Z2,N7,T,5.7,20/05/2026
Z2,N7,T,2.0,20/05/2026
Z2,N7,T,2.5,20/05/2026
Z2,N7,T,7.5,20/05/2026
Z2,N7,T,2.5,20/05/2026
Z2,N7,T,2.5,20/05/2026
Z2,N7,T,1.3,20/05/2026
Z2,N7,T,8.0,20/05/2026
Z2,N7,T,1.4,20/05/2026
Z2,N7,T,7.5,20/05/2026
Z2,N7,T,4.5,20/05/2026
Z2,N7,T,1.0,20/05/2026
Z2,N7,T,4.0,20/05/2026
Z2,N7,T,8.0,20/05/2026
Z2,N7,T,3.0,20/05/2026
Z2,N7,T,3.0,20/05/2026
Z2,N7,T,1.7,20/05/2026
Z2,N7,T,5.1,20/05/2026
Z2,N7,T,6.5,20/05/2026
Z2,N7,T,2.9,20/05/2026
Z2,N7,T,2.0,20/05/2026
Z2,N7,T,6.5,20/05/2026
Z2,N7,T,3.6,20/05/2026
Z2,N7,T,1.4,20/05/2026
Z2,N7,T,1.5,20/05/2026
Z2,N7,T,1.7,20/05/2026
Z2,N7,T,1.1,20/05/2026
Z2,N7,T,1.8,20/05/2026
Z2,N7,T,8.0,20/05/2026
Z2,N7,T,3.2,20/05/2026
Z2,N7,T,2.6,20/05/2026
Z2,N7,T,2.5,20/05/2026
Z2,N7,T,3.5,20/05/2026
Z2,N7,T,2.2,20/05/2026
Z2,N7,T,1.5,20/05/2026
Z2,N7,T,2.4,20/05/2026
Z2,N7,T,1.3,20/05/2026
Z2,N7,T,1.2,20/05/2026
Z2,N7,T,3.5,20/05/2026
Z2,N7,T,2.0,20/05/2026
Z2,N7,T,0.6,20/05/2026
Z2,N7,T,3.6,20/05/2026
Z2,N7,T,3.0,20/05/2026
Z2,N7,T,1.9,20/05/2026
Z2,N7,T,4.0,20/05/2026
Z2,N7,T,1.5,20/05/2026
Z2,N7,T,3.7,20/05/2026
Z2,N7,T,3.2,20/05/2026
Z2,N7,T,2.0,20/05/2026
Z2,N7,T,4.2,20/05/2026
Z2,N7,T,2.5,20/05/2026
Z2,N7,T,1.6,20/05/2026
Z2,N7,T,1.0,20/05/2026
Z2,N7,T,1.3,20/05/2026
Z2,N7,T,1.1,20/05/2026
Z2,N7,T,1.5,20/05/2026
Z2,N7,T,5.0,20/05/2026
Z2,N7,T,3.0,20/05/2026
Z2,N7,T,2.7,20/05/2026
Z2,N7,T,3.2,20/05/2026
Z2,N7,T,2.5,20/05/2026
Z2,N7,T,1.5,20/05/2026
Z2,N7,T,3.4,20/05/2026
Z2,N7,T,2.3,20/05/2026
Z2,N7,T,2.5,20/05/2026
Z2,N7,T,3.0,20/05/2026
Z2,N7,T,3.5,20/05/2026
Z2,N7,T,7.2,20/05/2026
Z2,N7,T,3.2,20/05/2026
Z2,N7,T,3.0,20/05/2026
Z2,N7,T,2.3,20/05/2026
Z2,N7,T,4.0,20/05/2026
Z2,N7,T,2.8,20/05/2026
Z2,N7,T,3.0,20/05/2026
Z2,N7,T,2.3,20/05/2026
Z2,N7,T,3.5,20/05/2026
Z2,N7,T,3.0,20/05/2026
Z2,N7,T,2.3,20/05/2026
Z2,N7,T,2.5,20/05/2026
Z2,N7,T,3.0,20/05/2026
Z2,N7,T,1.2,20/05/2026
Z2,N7,T,1.0,20/05/2026
Z2,N7,T,2.0,20/05/2026
Z2,N7,T,1.2,20/05/2026
Z2,N7,T,3.1,20/05/2026
Z2,N7,T,2.2,20/05/2026
Z2,N7,T,2.2,20/05/2026
Z2,N7,T,0.5,20/05/2026
Z2,N7,T,2.0,20/05/2026
Z2,N8,T,3.5,20/05/2026
Z2,N8,T,3.0,20/05/2026
Z2,N8,T,3.9,20/05/2026
Z2,N8,T,3.2,20/05/2026
Z2,N8,T,2.4,20/05/2026
Z2,N8,T,3.1,20/05/2026
Z2,N8,T,4.0,20/05/2026
Z2,N8,T,2.3,20/05/2026
Z2,N8,T,3.0,20/05/2026
Z2,N8,T,1.5,20/05/2026
Z2,N8,T,2.0,20/05/2026
Z2,N8,T,1.5,20/05/2026
Z2,N8,T,4.0,20/05/2026
Z2,N8,T,2.0,20/05/2026
Z2,N8,T,3.1,20/05/2026
Z2,N8,T,1.6,20/05/2026
Z2,N8,T,2.6,20/05/2026
Z2,N8,T,3.0,20/05/2026
Z2,N8,T,3.5,20/05/2026
Z2,N8,T,1.3,20/05/2026
Z2,N8,T,3.4,20/05/2026
Z2,N8,T,4.6,20/05/2026
Z2,N8,T,5.4,20/05/2026
Z2,N8,T,2.2,20/05/2026
Z2,N8,T,6.4,20/05/2026
Z2,N8,T,6.3,20/05/2026
Z2,N8,T,6.0,20/05/2026
Z2,N8,T,2.1,20/05/2026
Z2,N8,T,2.0,20/05/2026
Z2,N8,T,8.0,20/05/2026
Z2,N8,T,0.8,20/05/2026
Z2,N8,T,1.3,20/05/2026
Z2,N8,T,2.6,20/05/2026
Z2,N8,T,2.5,20/05/2026
Z2,N8,T,4.5,20/05/2026
Z2,N8,T,5.5,20/05/2026
Z2,N8,T,2.6,20/05/2026
Z2,N8,T,3.2,20/05/2026
Z2,N8,T,4.6,20/05/2026
Z2,N8,T,6.5,20/05/2026
Z2,N8,T,2.0,20/05/2026
Z2,N8,T,1.0,20/05/2026
Z2,N8,T,1.0,20/05/2026
Z2,N8,T,1.8,20/05/2026
Z2,N8,T,2.5,20/05/2026
Z2,N8,T,2.4,20/05/2026
Z2,N8,T,2.5,20/05/2026
Z2,N8,T,2.9,20/05/2026
Z2,N8,T,1.3,20/05/2026
Z2,N8,T,1.0,20/05/2026
Z2,N8,T,2.0,20/05/2026
Z2,N8,T,3.0,20/05/2026
Z2,N8,T,2.7,20/05/2026
Z2,N8,T,4.5,20/05/2026
Z2,N8,T,4.4,20/05/2026
Z2,N8,T,4.0,20/05/2026
Z2,N8,T,3.2,20/05/2026
Z2,N8,T,3.5,20/05/2026
Z2,N8,T,3.0,20/05/2026
Z2,N8,T,2.9,20/05/2026
Z2,N8,T,2.5,20/05/2026
Z2,N8,T,2.4,20/05/2026
Z2,N8,T,1.2,20/05/2026
Z2,N8,T,3.5,20/05/2026
Z2,N8,T,3.8,20/05/2026
Z2,N8,T,2.6,20/05/2026
Z2,N8,T,3.9,20/05/2026
Z2,N8,T,1.2,20/05/2026
Z2,N8,T,0.6,20/05/2026
Z2,N8,T,1.0,20/05/2026
Z2,N8,T,1.6,20/05/2026
Z2,N8,T,3.5,20/05/2026
Z2,N8,T,1.3,20/05/2026
Z2,N8,T,0.9,20/05/2026
Z2,N8,T,0.8,20/05/2026
Z2,N8,T,4.2,20/05/2026
Z2,N8,T,2.1,20/05/2026
Z2,N8,T,2.5,20/05/2026
Z2,N8,T,4.1,20/05/2026
Z2,N8,T,3.8,20/05/2026
Z2,N8,T,2.6,20/05/2026
Z2,N8,T,3.4,20/05/2026
Z2,N8,T,2.8,20/05/2026
Z2,N8,T,2.4,20/05/2026
Z2,N8,T,3.3,20/05/2026
Z2,N8,T,2.5,20/05/2026
Z2,N8,T,2.1,20/05/2026
Z2,N8,T,2.2,20/05/2026
Z2,N8,T,3.1,20/05/2026
Z2,N8,T,2.7,20/05/2026
Z2,N8,T,3.0,20/05/2026
Z2,N8,T,1.5,20/05/2026
Z2,N8,T,1.5,20/05/2026
Z2,N8,T,3.5,20/05/2026
Z2,N8,T,2.5,20/05/2026
Z2,N8,T,1.7,20/05/2026
Z2,N9,T,1.0,20/05/2026
Z2,N10,T,0,20/05/2026
Z2,N11,T,1.3,20/05/2026
Z2,N12,T,0,20/05/2026
Z1,N1,M,8.5,21/05/2026
Z1,N1,M,7.5,21/05/2026
Z1,N1,M,2.7,21/05/2026
Z1,N1,M,6.4,21/05/2026
Z1,N1,M,2.3,21/05/2026
Z1,N1,M,1.6,21/05/2026
Z1,N1,M,4.5,21/05/2026
Z1,N1,M,6.3,21/05/2026
Z1,N1,M,9.6,21/05/2026
Z1,N1,M,1.8,21/05/2026
Z1,N1,M,7.3,21/05/2026
Z1,N1,M,5.0,21/05/2026
Z1,N1,M,5.8,21/05/2026
Z1,N1,M,5.2,21/05/2026
Z1,N1,M,4.7,21/05/2026
Z1,N1,M,5.5,21/05/2026
Z1,N1,M,6.0,21/05/2026
Z1,N1,M,4.9,21/05/2026
Z1,N1,M,4.0,21/05/2026
Z1,N1,M,4.6,21/05/2026
Z1,N1,M,2.6,21/05/2026
Z1,N1,M,3.3,21/05/2026
Z1,N1,M,6.0,21/05/2026
Z1,N1,M,2.4,21/05/2026
Z1,N1,M,3.9,21/05/2026
Z1,N1,M,2.0,21/05/2026
Z1,N1,M,1.9,21/05/2026
Z1,N1,M,3.9,21/05/2026
Z1,N1,M,4.7,21/05/2026
Z1,N1,M,4.5,21/05/2026
Z1,N1,M,5.1,21/05/2026
Z1,N1,M,3.5,21/05/2026
Z1,N1,M,3.1,21/05/2026
Z1,N1,M,2.5,21/05/2026
Z1,N1,M,3.6,21/05/2026
Z1,N1,M,3.0,21/05/2026
Z1,N1,M,1.1,21/05/2026
Z1,N1,M,2.0,21/05/2026
Z1,N1,M,2.5,21/05/2026
Z1,N1,M,2.6,21/05/2026
Z1,N1,M,0.7,21/05/2026
Z1,N1,M,1.4,21/05/2026
Z1,N1,M,2.7,21/05/2026
Z1,N1,M,3.1,21/05/2026
Z1,N2,M,6.1,21/05/2026
Z1,N2,M,8.3,21/05/2026
Z1,N2,M,5.5,21/05/2026
Z1,N2,M,6.3,21/05/2026
Z1,N2,M,4.7,21/05/2026
Z1,N2,M,7.6,21/05/2026
Z1,N2,M,6.0,21/05/2026
Z1,N2,M,5.0,21/05/2026
Z1,N2,M,3.6,21/05/2026
Z1,N2,M,3.4,21/05/2026
Z1,N2,M,6.4,21/05/2026
Z1,N2,M,7.5,21/05/2026
Z1,N2,M,4.0,21/05/2026
Z1,N2,M,5.6,21/05/2026
Z1,N2,M,4.5,21/05/2026
Z1,N2,M,4.0,21/05/2026
Z1,N2,M,4.5,21/05/2026
Z1,N2,M,3.0,21/05/2026
Z1,N2,M,4.6,21/05/2026
Z1,N2,M,4.3,21/05/2026
Z1,N2,M,2.9,21/05/2026
Z1,N2,M,2.6,21/05/2026
Z1,N2,M,1.1,21/05/2026
Z1,N2,M,3.0,21/05/2026
Z1,N2,M,3.2,21/05/2026
Z1,N2,M,2.0,21/05/2026
Z1,N2,M,1.4,21/05/2026
Z1,N2,M,1.2,21/05/2026
Z1,N2,M,2.0,21/05/2026
Z1,N2,M,3.5,21/05/2026
Z1,N2,M,2.0,21/05/2026
Z1,N2,M,4.0,21/05/2026
Z1,N3,M,12.0,21/05/2026
Z1,N3,M,6.5,21/05/2026
Z1,N3,M,6.8,21/05/2026
Z1,N3,M,14.5,21/05/2026
Z1,N3,M,15.9,21/05/2026
Z1,N3,M,8.4,21/05/2026
Z1,N3,M,6.2,21/05/2026
Z1,N3,M,8.9,21/05/2026
Z1,N3,M,13.0,21/05/2026
Z1,N3,M,13.5,21/05/2026
Z1,N3,M,3.8,21/05/2026
Z1,N3,M,12.8,21/05/2026
Z1,N3,M,15.5,21/05/2026
Z1,N3,M,4.2,21/05/2026
Z1,N3,M,10.5,21/05/2026
Z1,N3,M,9.7,21/05/2026
Z1,N3,M,4.0,21/05/2026
Z1,N3,M,4.4,21/05/2026
Z1,N3,M,8.0,21/05/2026
Z1,N3,M,6.1,21/05/2026
Z1,N3,M,7.3,21/05/2026
Z1,N3,M,4.8,21/05/2026
Z1,N3,M,6.7,21/05/2026
Z1,N3,M,2.6,21/05/2026
Z1,N3,M,1.5,21/05/2026
Z1,N3,M,3.2,21/05/2026
Z1,N3,M,2.0,21/05/2026
Z1,N3,M,4.5,21/05/2026
Z1,N3,M,5.3,21/05/2026
Z1,N3,M,4.6,21/05/2026
Z1,N3,M,6.2,21/05/2026
Z1,N3,M,4.5,21/05/2026
Z1,N3,M,6.7,21/05/2026
Z1,N3,M,3.3,21/05/2026
Z1,N3,M,5.6,21/05/2026
Z1,N3,M,2.0,21/05/2026
Z1,N3,M,2.4,21/05/2026
Z1,N3,M,5.5,21/05/2026
Z1,N3,M,1.0,21/05/2026
Z1,N3,M,5.4,21/05/2026
Z1,N3,M,5.8,21/05/2026
Z1,N3,M,3.9,21/05/2026
Z1,N3,M,5.4,21/05/2026
Z1,N3,M,1.0,21/05/2026
Z1,N3,M,3.8,21/05/2026
Z1,N3,M,3.5,21/05/2026
Z1,N3,M,3.0,21/05/2026
Z1,N3,M,4.3,21/05/2026
Z1,N3,M,4.0,21/05/2026
Z1,N3,M,1.4,21/05/2026
Z1,N3,M,5.5,21/05/2026
Z1,N3,M,2.0,21/05/2026
Z1,N3,M,1.1,21/05/2026
Z1,N3,M,1.9,21/05/2026
Z1,N3,M,3.3,21/05/2026
Z1,N3,M,3.4,21/05/2026
Z1,N3,M,0.8,21/05/2026
Z1,N3,M,1.0,21/05/2026
Z1,N3,M,4.5,21/05/2026
Z1,N4,M,4.3,21/05/2026
Z1,N4,M,5.3,21/05/2026
Z1,N4,M,4.0,21/05/2026
Z1,N4,M,3.5,21/05/2026
Z1,N4,M,1.9,21/05/2026
Z1,N4,M,6.5,21/05/2026
Z1,N4,M,6.1,21/05/2026
Z1,N4,M,6.0,21/05/2026
Z1,N4,M,1.2,21/05/2026
Z1,N4,M,3.6,21/05/2026
Z1,N4,M,3.8,21/05/2026
Z1,N4,M,2.5,21/05/2026
Z1,N4,M,4.7,21/05/2026
Z1,N4,M,0.9,21/05/2026
Z1,N4,M,1.0,21/05/2026
Z1,N4,M,0.9,21/05/2026
Z1,N4,M,1.3,21/05/2026
Z1,N4,M,1.6,21/05/2026
Z1,N4,M,6.7,21/05/2026
Z1,N4,M,2.0,21/05/2026
Z1,N4,M,0.7,21/05/2026
Z1,N4,M,1.0,21/05/2026
Z1,N4,M,0.9,21/05/2026
Z1,N4,M,1.2,21/05/2026
Z1,N4,M,2.1,21/05/2026
Z1,N4,M,2.4,21/05/2026
Z1,N4,M,3.8,21/05/2026
Z1,N4,M,1.2,21/05/2026
Z1,N4,M,4.8,21/05/2026
Z1,N4,M,10.6,21/05/2026
Z1,N4,M,6.1,21/05/2026
Z1,N4,M,7.3,21/05/2026
Z1,N4,M,2.7,21/05/2026
Z1,N4,M,3.1,21/05/2026
Z1,N4,M,2.5,21/05/2026
Z1,N4,M,6.2,21/05/2026
Z1,N4,M,10.1,21/05/2026
Z1,N4,M,10.8,21/05/2026
Z1,N4,M,4.5,21/05/2026
Z1,N4,M,4.7,21/05/2026
Z1,N4,M,4.0,21/05/2026
Z1,N4,M,2.7,21/05/2026
Z1,N4,M,1.4,21/05/2026
Z1,N4,M,4.4,21/05/2026
Z1,N4,M,3.2,21/05/2026
Z1,N4,M,4.2,21/05/2026
Z1,N4,M,2.9,21/05/2026
Z1,N4,M,5.1,21/05/2026
Z1,N4,M,1.4,21/05/2026
Z1,N4,M,2.2,21/05/2026
Z1,N4,M,5.6,21/05/2026
Z1,N4,M,6.2,21/05/2026
Z1,N4,M,6.6,21/05/2026
Z1,N4,M,1.8,21/05/2026
Z1,N4,M,7.9,21/05/2026
Z1,N4,M,3.3,21/05/2026
Z1,N4,M,7.1,21/05/2026
Z1,N4,M,3.1,21/05/2026
Z1,N4,M,4.0,21/05/2026
Z1,N4,M,3.6,21/05/2026
Z1,N4,M,5.3,21/05/2026
Z1,N4,M,2.0,21/05/2026
Z1,N4,M,2.5,21/05/2026
Z1,N4,M,2.2,21/05/2026
Z1,N4,M,4.5,21/05/2026
Z1,N4,M,4.0,21/05/2026
Z1,N4,M,3.4,21/05/2026
Z1,N4,M,7.5,21/05/2026
Z1,N4,M,6.2,21/05/2026
Z1,N4,M,2.8,21/05/2026
Z1,N4,M,2.3,21/05/2026
Z1,N4,M,1.4,21/05/2026
Z1,N4,M,2.4,21/05/2026
Z1,N4,M,3.4,21/05/2026
Z1,N4,M,2.0,21/05/2026
Z1,N4,M,1.9,21/05/2026
Z1,N4,M,2.9,21/05/2026
Z1,N4,M,1.9,21/05/2026
Z1,N4,M,6.0,21/05/2026
Z1,N4,M,3.6,21/05/2026
Z1,N4,M,2.1,21/05/2026
Z1,N4,M,3.2,21/05/2026
Z1,N4,M,3.2,21/05/2026
Z1,N4,M,2.8,21/05/2026
Z1,N4,M,3.2,21/05/2026
Z1,N4,M,8.6,21/05/2026
Z2,N5,M,1.2,21/05/2026
Z2,N5,M,4.4,21/05/2026
Z2,N5,M,9.0,21/05/2026
Z2,N5,M,11.0,21/05/2026
Z2,N5,M,4.2,21/05/2026
Z2,N5,M,2.5,21/05/2026
Z2,N5,M,9.8,21/05/2026
Z2,N5,M,2.6,21/05/2026
Z2,N5,M,4.1,21/05/2026
Z2,N5,M,3.7,21/05/2026
Z2,N5,M,2.8,21/05/2026
Z2,N5,M,3.0,21/05/2026
Z2,N5,M,3.6,21/05/2026
Z2,N5,M,2.2,21/05/2026
Z2,N5,M,3.3,21/05/2026
Z2,N5,M,3.5,21/05/2026
Z2,N5,M,5.6,21/05/2026
Z2,N5,M,5.5,21/05/2026
Z2,N5,M,4.3,21/05/2026
Z2,N5,M,4.4,21/05/2026
Z2,N5,M,8.5,21/05/2026
Z2,N5,M,1.0,21/05/2026
Z2,N5,M,5.4,21/05/2026
Z2,N5,M,2.0,21/05/2026
Z2,N5,M,5.0,21/05/2026
Z2,N5,M,3.6,21/05/2026
Z2,N5,M,1.0,21/05/2026
Z2,N5,M,1.2,21/05/2026
Z2,N5,M,4.7,21/05/2026
Z2,N5,M,4.4,21/05/2026
Z2,N5,M,4.8,21/05/2026
Z2,N5,M,3.5,21/05/2026
Z2,N5,M,1.4,21/05/2026
Z2,N5,M,3.0,21/05/2026
Z2,N5,M,0.8,21/05/2026
Z2,N5,M,0.5,21/05/2026
Z2,N5,M,1.0,21/05/2026
Z2,N5,M,5.0,21/05/2026
Z2,N5,M,1.3,21/05/2026
Z2,N5,M,2.8,21/05/2026
Z2,N5,M,1.5,21/05/2026
Z2,N6,M,14.0,21/05/2026
Z2,N6,M,5.4,21/05/2026
Z2,N6,M,5.5,21/05/2026
Z2,N6,M,4.1,21/05/2026
Z2,N6,M,6.6,21/05/2026
Z2,N6,M,3.5,21/05/2026
Z2,N6,M,3.5,21/05/2026
Z2,N6,M,2.8,21/05/2026
Z2,N6,M,7.0,21/05/2026
Z2,N6,M,2.8,21/05/2026
Z2,N6,M,3.3,21/05/2026
Z2,N6,M,4.4,21/05/2026
Z2,N6,M,3.7,21/05/2026
Z2,N6,M,4.1,21/05/2026
Z2,N6,M,2.5,21/05/2026
Z2,N6,M,4.6,21/05/2026
Z2,N6,M,3.5,21/05/2026
Z2,N6,M,4.9,21/05/2026
Z2,N6,M,1.7,21/05/2026
Z2,N6,M,1.0,21/05/2026
Z2,N6,M,2.5,21/05/2026
Z2,N6,M,6.0,21/05/2026
Z2,N6,M,3.7,21/05/2026
Z2,N6,M,3.4,21/05/2026
Z2,N6,M,2.0,21/05/2026
Z2,N6,M,4.5,21/05/2026
Z2,N6,M,2.9,21/05/2026
Z2,N6,M,3.2,21/05/2026
Z2,N6,M,3.6,21/05/2026
Z2,N6,M,4.2,21/05/2026
Z2,N6,M,4.0,21/05/2026
Z2,N6,M,5.1,21/05/2026
Z2,N6,M,4.0,21/05/2026
Z2,N6,M,1.8,21/05/2026
Z2,N6,M,4.6,21/05/2026
Z2,N6,M,4.7,21/05/2026
Z2,N6,M,3.0,21/05/2026
Z2,N6,M,3.0,21/05/2026
Z2,N6,M,2.7,21/05/2026
Z2,N6,M,2.9,21/05/2026
Z2,N6,M,5.0,21/05/2026
Z2,N6,M,3.7,21/05/2026
Z2,N6,M,4.5,21/05/2026
Z2,N6,M,1.3,21/05/2026
Z2,N6,M,3.2,21/05/2026
Z2,N6,M,3.5,21/05/2026
Z2,N6,M,3.8,21/05/2026
Z2,N6,M,0.6,21/05/2026
Z2,N6,M,1.0,21/05/2026
Z2,N6,M,3.5,21/05/2026
Z2,N6,M,1.1,21/05/2026
Z2,N6,M,3.7,21/05/2026
Z2,N6,M,3.5,21/05/2026
Z2,N6,M,0.7,21/05/2026
Z2,N7,M,0.6,21/05/2026
Z2,N7,M,0.6,21/05/2026
Z2,N7,M,0.8,21/05/2026
Z2,N7,M,1.2,21/05/2026
Z2,N7,M,1.9,21/05/2026
Z2,N7,M,1.3,21/05/2026
Z2,N7,M,2.1,21/05/2026
Z2,N7,M,1.3,21/05/2026
Z2,N7,M,4.3,21/05/2026
Z2,N7,M,1.0,21/05/2026
Z2,N7,M,0.5,21/05/2026
Z2,N7,M,1.4,21/05/2026
Z2,N7,M,0.9,21/05/2026
Z2,N7,M,2.1,21/05/2026
Z2,N7,M,2.2,21/05/2026
Z2,N7,M,3.7,21/05/2026
Z2,N7,M,1.7,21/05/2026
Z2,N7,M,2.3,21/05/2026
Z2,N7,M,2.4,21/05/2026
Z2,N7,M,3.1,21/05/2026
Z2,N7,M,3.3,21/05/2026
Z2,N7,M,2.1,21/05/2026
Z2,N7,M,2.1,21/05/2026
Z2,N7,M,2.2,21/05/2026
Z2,N7,M,2.6,21/05/2026
Z2,N7,M,4.3,21/05/2026
Z2,N7,M,2.5,21/05/2026
Z2,N7,M,1.6,21/05/2026
Z2,N7,M,1.6,21/05/2026
Z2,N7,M,3.1,21/05/2026
Z2,N7,M,4.5,21/05/2026
Z2,N7,M,3.0,21/05/2026
Z2,N7,M,4.0,21/05/2026
Z2,N7,M,2.1,21/05/2026
Z2,N7,M,2.3,21/05/2026
Z2,N7,M,2.5,21/05/2026
Z2,N7,M,2.2,21/05/2026
Z2,N7,M,1.1,21/05/2026
Z2,N7,M,7.4,21/05/2026
Z2,N7,M,2.4,21/05/2026
Z2,N7,M,1.8,21/05/2026
Z2,N7,M,3.5,21/05/2026
Z2,N7,M,3.3,21/05/2026
Z2,N7,M,4.1,21/05/2026
Z2,N7,M,2.5,21/05/2026
Z2,N7,M,3.0,21/05/2026
Z2,N7,M,1.9,21/05/2026
Z2,N7,M,0.5,21/05/2026
Z2,N7,M,1.4,21/05/2026
Z2,N7,M,3.6,21/05/2026
Z2,N7,M,2.5,21/05/2026
Z2,N7,M,2.1,21/05/2026
Z2,N7,M,2.0,21/05/2026
Z2,N7,M,2.7,21/05/2026
Z2,N7,M,3.8,21/05/2026
Z2,N7,M,2.1,21/05/2026
Z2,N7,M,2.3,21/05/2026
Z2,N7,M,2.1,21/05/2026
Z2,N8,M,7.3,21/05/2026
Z2,N8,M,2.4,21/05/2026
Z2,N8,M,1.3,21/05/2026
Z2,N8,M,2.4,21/05/2026
Z2,N8,M,2.5,21/05/2026
Z2,N8,M,7.4,21/05/2026
Z2,N8,M,8.9,21/05/2026
Z2,N8,M,5.2,21/05/2026
Z2,N8,M,5.0,21/05/2026
Z2,N8,M,3.0,21/05/2026
Z2,N8,M,3.9,21/05/2026
Z2,N8,M,3.2,21/05/2026
Z2,N8,M,3.8,21/05/2026
Z2,N8,M,2.3,21/05/2026
Z2,N8,M,2.0,21/05/2026
Z2,N8,M,2.7,21/05/2026
Z2,N8,M,1.6,21/05/2026
Z2,N8,M,5.6,21/05/2026
Z2,N8,M,3.5,21/05/2026
Z2,N8,M,6.1,21/05/2026
Z2,N8,M,2.3,21/05/2026
Z2,N8,M,2.0,21/05/2026
Z2,N8,M,3.5,21/05/2026
Z2,N8,M,2.8,21/05/2026
Z2,N8,M,3.3,21/05/2026
Z2,N8,M,3.1,21/05/2026
Z2,N8,M,2.6,21/05/2026
Z2,N8,M,2.0,21/05/2026
Z2,N8,M,2.1,21/05/2026
Z2,N8,M,3.6,21/05/2026
Z2,N8,M,3.7,21/05/2026
Z2,N8,M,2.1,21/05/2026
Z2,N8,M,2.8,21/05/2026
Z2,N8,M,3.5,21/05/2026
Z2,N8,M,3.5,21/05/2026
Z2,N8,M,3.6,21/05/2026
Z2,N8,M,2.5,21/05/2026
Z2,N8,M,3.0,21/05/2026
Z2,N8,M,2.0,21/05/2026
Z2,N8,M,1.5,21/05/2026
Z2,N8,M,1.5,21/05/2026
Z2,N8,M,3.2,21/05/2026
Z2,N8,M,1.0,21/05/2026
Z2,N8,M,1.7,21/05/2026
Z2,N8,M,1.5,21/05/2026
Z2,N8,M,1.5,21/05/2026
Z2,N8,M,2.0,21/05/2026
Z2,N8,M,4.0,21/05/2026
Z2,N8,M,1.7,21/05/2026
Z2,N8,M,2.1,21/05/2026
Z2,N8,M,2.6,21/05/2026
Z2,N8,M,2.1,21/05/2026
Z2,N8,M,3.8,21/05/2026
Z2,N8,M,4.6,21/05/2026
Z2,N8,M,1.2,21/05/2026
Z2,N9,M,3.1,21/05/2026
Z2,N9,M,3.0,21/05/2026
Z2,N9,M,3.2,21/05/2026
Z2,N10,M,0,21/05/2026
Z2,N11,M,0,21/05/2026
Z2,N12 ,M,2.5,21/05/2026
Z1,N1,T,7.2,21/05/2026
Z1,N1,T,5.1,21/05/2026
Z1,N1,T,4.9,21/05/2026
Z1,N1,T,6.3,21/05/2026
Z1,N1,T,5.4,21/05/2026
Z1,N1,T,9.0,21/05/2026
Z1,N1,T,6.0,21/05/2026
Z1,N1,T,6.8,21/05/2026
Z1,N1,T,6.2,21/05/2026
Z1,N1,T,3.5,21/05/2026
Z1,N1,T,5.3,21/05/2026
Z1,N1,T,3.0,21/05/2026
Z1,N1,T,6.9,21/05/2026
Z1,N1,T,4.4,21/05/2026
Z1,N1,T,2.7,21/05/2026
Z1,N1,T,2.0,21/05/2026
Z1,N2,T,4.3,21/05/2026
Z1,N2,T,1.8,21/05/2026
Z1,N2,T,1.1,21/05/2026
Z1,N2,T,4.3,21/05/2026
Z1,N2,T,0.8,21/05/2026
Z1,N2,T,3.0,21/05/2026
Z1,N2,T,6.3,21/05/2026
Z1,N2,T,1.7,21/05/2026
Z1,N2,T,5.6,21/05/2026
Z1,N2,T,7.4,21/05/2026
Z1,N2,T,5.1,21/05/2026
Z1,N2,T,5.6,21/05/2026
Z1,N2,T,4.0,21/05/2026
Z1,N2,T,5.4,21/05/2026
Z1,N2,T,6.2,21/05/2026
Z1,N2,T,6.4,21/05/2026
Z1,N2,T,4.9,21/05/2026
Z1,N2,T,2.2,21/05/2026
Z1,N2,T,6.5,21/05/2026
Z1,N2,T,5.2,21/05/2026
Z1,N2,T,1.7,21/05/2026
Z1,N2,T,2.6,21/05/2026
Z1,N3,T,2.8,21/05/2026
Z1,N3,T,6.3,21/05/2026
Z1,N3,T,3.9,21/05/2026
Z1,N3,T,5.4,21/05/2026
Z1,N3,T,4.0,21/05/2026
Z1,N3,T,2.8,21/05/2026
Z1,N3,T,6.7,21/05/2026
Z1,N3,T,5.0,21/05/2026
Z1,N3,T,5.2,21/05/2026
Z1,N3,T,6.5,21/05/2026
Z1,N3,T,4.6,21/05/2026
Z1,N3,T,4.3,21/05/2026
Z1,N3,T,2.0,21/05/2026
Z1,N3,T,6.7,21/05/2026
Z1,N3,T,4.5,21/05/2026
Z1,N3,T,5.7,21/05/2026
Z1,N3,T,3.7,21/05/2026
Z1,N3,T,5.4,21/05/2026
Z1,N3,T,3.8,21/05/2026
Z1,N3,T,1.4,21/05/2026
Z1,N3,T,5.2,21/05/2026
Z1,N3,T,6.6,21/05/2026
Z1,N3,T,4.8,21/05/2026
Z1,N3,T,7.4,21/05/2026
Z1,N3,T,6.0,21/05/2026
Z1,N3,T,6.3,21/05/2026
Z1,N3,T,5.1,21/05/2026
Z1,N3,T,4.8,21/05/2026
Z1,N3,T,5.7,21/05/2026
Z1,N3,T,1.5,21/05/2026
Z1,N3,T,7.4,21/05/2026
Z1,N3,T,5.7,21/05/2026
Z1,N3,T,2.5,21/05/2026
Z1,N3,T,4.0,21/05/2026
Z1,N3,T,3.0,21/05/2026
Z1,N3,T,2.4,21/05/2026
Z1,N3,T,5.8,21/05/2026
Z1,N3,T,6.3,21/05/2026
Z1,N3,T,3.4,21/05/2026
Z1,N3,T,1.3,21/05/2026
Z1,N3,T,2.0,21/05/2026
Z1,N3,T,3.7,21/05/2026
Z1,N3,T,3.5,21/05/2026
Z1,N3,T,2.4,21/05/2026
Z1,N3,T,6.5,21/05/2026
Z1,N3,T,5.0,21/05/2026
Z1,N3,T,4.4,21/05/2026
Z1,N3,T,3.0,21/05/2026
Z1,N3,T,5.0,21/05/2026
Z1,N3,T,2.2,21/05/2026
Z1,N3,T,3.0,21/05/2026
Z1,N3,T,3.9,21/05/2026
Z1,N3,T,4.0,21/05/2026
Z1,N3,T,6.4,21/05/2026
Z1,N3,T,1.1,21/05/2026
Z1,N3,T,1.3,21/05/2026
Z1,N3,T,0.4,21/05/2026
Z1,N3,T,6.0,21/05/2026
Z1,N3,T,4.6,21/05/2026
Z1,N3,T,4.2,21/05/2026
Z1,N3,T,7.5,21/05/2026
Z1,N3,T,7.2,21/05/2026
Z1,N3,T,0.8,21/05/2026
Z1,N3,T,6.3,21/05/2026
Z1,N3,T,5.4,21/05/2026
Z1,N3,T,4.1,21/05/2026
Z1,N3,T,3.9,21/05/2026
Z1,N3,T,5.7,21/05/2026
Z1,N3,T,3.8,21/05/2026
Z1,N3,T,2.2,21/05/2026
Z1,N3,T,1.5,21/05/2026
Z1,N3,T,3.4,21/05/2026
Z1,N3,T,2.5,21/05/2026
Z1,N3,T,1.5,21/05/2026
Z1,N3,T,6.3,21/05/2026
Z1,N3,T,3.9,21/05/2026
Z1,N3,T,4.4,21/05/2026
Z1,N3,T,1.0,21/05/2026
Z1,N3,T,7.5,21/05/2026
Z1,N3,T,2.4,21/05/2026
Z1,N3,T,6.1,21/05/2026
Z1,N3,T,5.3,21/05/2026
Z1,N3,T,5.0,21/05/2026
Z1,N3,T,6.5,21/05/2026
Z1,N3,T,5.1,21/05/2026
Z1,N3,T,2.4,21/05/2026
Z1,N3,T,1.5,21/05/2026
Z1,N3,T,0.8,21/05/2026
Z1,N3,T,2.5,21/05/2026
Z1,N3,T,5.7,21/05/2026
Z1,N3,T,2.0,21/05/2026
Z1,N3,T,8.0,21/05/2026
Z1,N3,T,4.0,21/05/2026
Z1,N3,T,4.3,21/05/2026
Z1,N3,T,1.3,21/05/2026
Z1,N3,T,1.5,21/05/2026
Z1,N4,T,1.7,21/05/2026
Z1,N4,T,1.2,21/05/2026
Z1,N4,T,1.0,21/05/2026
Z1,N4,T,6.3,21/05/2026
Z1,N4,T,3.8,21/05/2026
Z1,N4,T,5.0,21/05/2026
Z1,N4,T,6.1,21/05/2026
Z1,N4,T,1.7,21/05/2026
Z1,N4,T,6.9,21/05/2026
Z1,N4,T,7.7,21/05/2026
Z1,N4,T,6.8,21/05/2026
Z1,N4,T,1.4,21/05/2026
Z1,N4,T,5.8,21/05/2026
Z1,N4,T,1.9,21/05/2026
Z1,N4,T,7.9,21/05/2026
Z1,N4,T,3.4,21/05/2026
Z1,N4,T,3.5,21/05/2026
Z1,N4,T,4.2,21/05/2026
Z1,N4,T,6.4,21/05/2026
Z1,N4,T,4.8,21/05/2026
Z1,N4,T,1.0,21/05/2026
Z1,N4,T,6.0,21/05/2026
Z1,N4,T,1.2,21/05/2026
Z1,N4,T,4.9,21/05/2026
Z1,N4,T,2.3,21/05/2026
Z2,N5,T,2.8,21/05/2026
Z2,N5,T,2.9,21/05/2026
Z2,N5,T,2.2,21/05/2026
Z2,N5,T,1.6,21/05/2026
Z2,N5,T,1.9,21/05/2026
Z2,N5,T,0.9,21/05/2026
Z2,N5,T,0.9,21/05/2026
Z2,N5,T,1.2,21/05/2026
Z2,N5,T,3.5,21/05/2026
Z2,N5,T,7.0,21/05/2026
Z2,N5,T,4.6,21/05/2026
Z2,N5,T,1.9,21/05/2026
Z2,N5,T,1.2,21/05/2026
Z2,N5,T,7.3,21/05/2026
Z2,N5,T,6.0,21/05/2026
Z2,N5,T,2.1,21/05/2026
Z2,N5,T,2.6,21/05/2026
Z2,N5,T,4.5,21/05/2026
Z2,N5,T,3.2,21/05/2026
Z2,N5,T,7.5,21/05/2026
Z2,N5,T,8.4,21/05/2026
Z2,N5,T,7.0,21/05/2026
Z2,N5,T,4.2,21/05/2026
Z2,N5,T,5.2,21/05/2026
Z2,N5,T,4.8,21/05/2026
Z2,N5,T,4.1,21/05/2026
Z2,N5,T,3.5,21/05/2026
Z2,N5,T,1.6,21/05/2026
Z2,N5,T,4.6,21/05/2026
Z2,N5,T,7.6,21/05/2026
Z2,N5,T,4.1,21/05/2026
Z2,N5,T,1.5,21/05/2026
Z2,N5,T,1.8,21/05/2026
Z2,N5,T,5.6,21/05/2026
Z2,N5,T,2.9,21/05/2026
Z2,N5,T,7.2,21/05/2026
Z2,N5,T,7.7,21/05/2026
Z2,N5,T,6.1,21/05/2026
Z2,N5,T,8.0,21/05/2026
Z2,N5,T,2.0,21/05/2026
Z2,N5,T,4.8,21/05/2026
Z2,N5,T,3.3,21/05/2026
Z2,N5,T,1.6,21/05/2026
Z2,N5,T,2.4,21/05/2026
Z2,N5,T,6.3,21/05/2026
Z2,N5,T,3.2,21/05/2026
Z2,N5,T,5.1,21/05/2026
Z2,N5,T,4.3,21/05/2026
Z2,N5,T,4.0,21/05/2026
Z2,N5,T,3.3,21/05/2026
Z2,N5,T,3.4,21/05/2026
Z2,N5,T,7.0,21/05/2026
Z2,N5,T,1.5,21/05/2026
Z2,N5,T,4.7,21/05/2026
Z2,N5,T,2.9,21/05/2026
Z2,N5,T,2.0,21/05/2026
Z2,N5,T,1.3,21/05/2026
Z2,N5,T,6.4,21/05/2026
Z2,N6,T,4.5,21/05/2026
Z2,N6,T,6.8,21/05/2026
Z2,N6,T,7.0,21/05/2026
Z2,N6,T,3.5,21/05/2026
Z2,N6,T,5.5,21/05/2026
Z2,N6,T,6.0,21/05/2026
Z2,N6,T,6.5,21/05/2026
Z2,N6,T,6.1,21/05/2026
Z2,N6,T,4.1,21/05/2026
Z2,N6,T,3.0,21/05/2026
Z2,N6,T,4.0,21/05/2026
Z2,N6,T,3.1,21/05/2026
Z2,N6,T,2.0,21/05/2026
Z2,N6,T,5.0,21/05/2026
Z2,N6,T,4.5,21/05/2026
Z2,N6,T,1.5,21/05/2026
Z2,N6,T,5.0,21/05/2026
Z2,N6,T,3.5,21/05/2026
Z2,N6,T,2.4,21/05/2026
Z2,N6,T,6.5,21/05/2026
Z2,N6,T,2.5,21/05/2026
Z2,N6,T,3.2,21/05/2026
Z2,N6,T,3.1,21/05/2026
Z2,N6,T,6.9,21/05/2026
Z2,N6,T,4.5,21/05/2026
Z2,N6,T,6.2,21/05/2026
Z2,N6,T,6.0,21/05/2026
Z2,N6,T,2.5,21/05/2026
Z2,N6,T,2.4,21/05/2026
Z2,N6,T,3.4,21/05/2026
Z2,N6,T,3.0,21/05/2026
Z2,N6,T,2.0,21/05/2026
Z2,N6,T,3.4,21/05/2026
Z2,N6,T,4.0,21/05/2026
Z2,N6,T,1.5,21/05/2026
Z2,N6,T,2.8,21/05/2026
Z2,N6,T,2.1,21/05/2026
Z2,N6,T,3.5,21/05/2026
Z2,N6,T,4.0,21/05/2026
Z2,N6,T,2.5,21/05/2026
Z2,N6,T,3.7,21/05/2026
Z2,N6,T,2.6,21/05/2026
Z2,N6,T,2.4,21/05/2026
Z2,N6,T,5.5,21/05/2026
Z2,N6,T,3.3,21/05/2026
Z2,N6,T,3.0,21/05/2026
Z2,N6,T,1.5,21/05/2026
Z2,N6,T,2.4,21/05/2026
Z2,N6,T,2.1,21/05/2026
Z2,N6,T,2.0,21/05/2026
Z2,N6,T,3.0,21/05/2026
Z2,N7,T,7.0,21/05/2026
Z2,N7,T,9.3,21/05/2026
Z2,N7,T,9.5,21/05/2026
Z2,N7,T,10.4,21/05/2026
Z2,N7,T,9.9,21/05/2026
Z2,N7,T,7.5,21/05/2026
Z2,N7,T,9.0,21/05/2026
Z2,N7,T,10.2,21/05/2026
Z2,N7,T,9.0,21/05/2026
Z2,N7,T,9.7,21/05/2026
Z2,N7,T,6.2,21/05/2026
Z2,N7,T,3.0,21/05/2026
Z2,N7,T,6.4,21/05/2026
Z2,N7,T,10.0,21/05/2026
Z2,N7,T,6.1,21/05/2026
Z2,N7,T,2.6,21/05/2026
Z2,N7,T,1.0,21/05/2026
Z2,N7,T,4.7,21/05/2026
Z2,N7,T,3.9,21/05/2026
Z2,N7,T,5.4,21/05/2026
Z2,N7,T,4.3,21/05/2026
Z2,N7,T,11.3,21/05/2026
Z2,N7,T,13.5,21/05/2026
Z2,N7,T,3.0,21/05/2026
Z2,N7,T,7.1,21/05/2026
Z2,N7,T,1.0,21/05/2026
Z2,N7,T,5.6,21/05/2026
Z2,N7,T,1.5,21/05/2026
Z2,N7,T,4.4,21/05/2026
Z2,N7,T,5.6,21/05/2026
Z2,N7,T,4.0,21/05/2026
Z2,N7,T,0.8,21/05/2026
Z2,N7,T,2.4,21/05/2026
Z2,N7,T,5.4,21/05/2026
Z2,N7,T,6.1,21/05/2026
Z2,N7,T,6.5,21/05/2026
Z2,N7,T,5.3,21/05/2026
Z2,N7,T,1.0,21/05/2026
Z2,N7,T,10.0,21/05/2026
Z2,N7,T,4.6,21/05/2026
Z2,N7,T,1.8,21/05/2026
Z2,N7,T,5.5,21/05/2026
Z2,N7,T,12.5,21/05/2026
Z2,N7,T,5.2,21/05/2026
Z2,N7,T,5.0,21/05/2026
Z2,N7,T,6.2,21/05/2026
Z2,N7,T,2.5,21/05/2026
Z2,N7,T,5.1,21/05/2026
Z2,N7,T,4.0,21/05/2026
Z2,N7,T,1.4,21/05/2026
Z2,N7,T,2.0,21/05/2026
Z2,N7,T,6.0,21/05/2026
Z2,N7,T,5.6,21/05/2026
Z2,N7,T,4.9,21/05/2026
Z2,N7,T,1.0,21/05/2026
Z2,N7,T,3.5,21/05/2026
Z2,N7,T,1.8,21/05/2026
Z2,N7,T,3.7,21/05/2026
Z2,N7,T,2.1,21/05/2026
Z2,N7,T,4.7,21/05/2026
Z2,N7,T,2.0,21/05/2026
Z2,N7,T,4.0,21/05/2026
Z2,N7,T,3.3,21/05/2026
Z2,N7,T,3.5,21/05/2026
Z2,N7,T,4.0,21/05/2026
Z2,N7,T,4.6,21/05/2026
Z2,N7,T,2.5,21/05/2026
Z2,N7,T,4.6,21/05/2026
Z2,N7,T,2.5,21/05/2026
Z2,N7,T,3.5,21/05/2026
Z2,N7,T,2.0,21/05/2026
Z2,N7,T,3.0,21/05/2026
Z2,N7,T,1.9,21/05/2026
Z2,N7,T,3.5,21/05/2026
Z2,N7,T,4.5,21/05/2026
Z2,N7,T,1.0,21/05/2026
Z2,N7,T,1.5,21/05/2026
Z2,N7,T,2.5,21/05/2026
Z2,N7,T,1.5,21/05/2026
Z2,N7,T,1.5,21/05/2026
Z2,N7,T,2.5,21/05/2026
Z2,N7,T,2.0,21/05/2026
Z2,N8,T,6.5,21/05/2026
Z2,N8,T,8.5,21/05/2026
Z2,N8,T,4.0,21/05/2026
Z2,N8,T,6.3,21/05/2026
Z2,N8,T,8.0,21/05/2026
Z2,N8,T,3.5,21/05/2026
Z2,N8,T,6.5,21/05/2026
Z2,N8,T,7.0,21/05/2026
Z2,N8,T,2,21/05/2026
Z2,N8,T,6.3,21/05/2026
Z2,N8,T,3.5,21/05/2026
Z2,N8,T,6.5,21/05/2026
Z2,N8,T,2.3,21/05/2026
Z2,N8,T,2.4,21/05/2026
Z2,N8,T,2.0,21/05/2026
Z2,N8,T,4.1,21/05/2026
Z2,N8,T,3.5,21/05/2026
Z2,N8,T,3.0,21/05/2026
Z2,N8,T,4.5,21/05/2026
Z2,N8,T,6.0,21/05/2026
Z2,N8,T,6.1,21/05/2026
Z2,N8,T,5.0,21/05/2026
Z2,N8,T,8.5,21/05/2026
Z2,N8,T,3.5,21/05/2026
Z2,N8,T,4.0,21/05/2026
Z2,N8,T,7.0,21/05/2026
Z2,N8,T,4.5,21/05/2026
Z2,N8,T,1.5,21/05/2026
Z2,N8,T,2.0,21/05/2026
Z2,N8,T,2.0,21/05/2026
Z2,N8,T,1.3,21/05/2026
Z2,N8,T,3.0,21/05/2026
Z2,N8,T,1.5,21/05/2026
Z2,N8,T,2.5,21/05/2026
Z2,N8,T,4.5,21/05/2026
Z2,N8,T,1.0,21/05/2026
Z2,N8,T,4.5,21/05/2026
Z2,N8,T,2.0,21/05/2026
Z2,N8,T,2.5,21/05/2026
Z2,N8,T,2.0,21/05/2026
Z2,N8,T,7.3,21/05/2026
Z2,N8,T,4.6,21/05/2026
Z2,N8,T,6.8,21/05/2026
Z2,N8,T,5.2,21/05/2026
Z2,N8,T,5.1,21/05/2026
Z2,N8,T,8.0,21/05/2026
Z2,N8,T,7.2,21/05/2026
Z2,N8,T,9.3,21/05/2026
Z2,N8,T,1.3,21/05/2026
Z2,N8,T,4.0,21/05/2026
Z2,N8,T,5.0,21/05/2026
Z2,N8,T,3.0,21/05/2026
Z2,N8,T,4.0,21/05/2026
Z2,N9,T,1.2,21/05/2026
Z2,N9,T,8.0,21/05/2026
Z2,N9,T,2.0,21/05/2026
Z2,N9,T,1.8,21/05/2026
Z2,N9,T,2.0,21/05/2026
Z2,N9,T,2.5,21/05/2026
Z2,N9,T,5.0,21/05/2026
Z2,N9,T,1.0,21/05/2026
Z2,N9,T,1.9,21/05/2026
Z2,N9,T,3.0,21/05/2026
Z2,N9,T,2.9,21/05/2026
Z2,N9,T,3.1,21/05/2026
Z2,N9,T,2.4,21/05/2026
Z2,N9,T,1.9,21/05/2026
Z2,N9,T,1.5,21/05/2026
Z2,N9,T,1.5,21/05/2026
Z2,N9,T,1.4,21/05/2026
Z2,N9,T,3.4,21/05/2026
Z2,N9,T,3.2,21/05/2026
Z2,N9,T,2.5,21/05/2026
Z2,N9,T,1.6,21/05/2026
Z2,N9,T,2.6,21/05/2026
Z2,N9,T,3.5,21/05/2026
Z2,N9,T,2.6,21/05/2026
Z2,N9,T,2.8,21/05/2026
Z2,N9,T,3.1,21/05/2026
Z2,N9,T,1.2,21/05/2026
Z2,N9,T,2.0,21/05/2026
Z2,N9,T,1.4,21/05/2026
Z2,N9,T,2.0,21/05/2026
Z2,N9,T,2.5,21/05/2026
Z2,N9,T,2.0,21/05/2026
Z2,N9,T,2.1,21/05/2026
Z2,N9,T,2.4,21/05/2026
Z2,N9,T,1.5,21/05/2026
Z2,N9,T,2.4,21/05/2026
Z2,N9,T,2.5,21/05/2026
Z2,N9,T,2.6,21/05/2026
Z2,N9,T,2.0,21/05/2026
Z2,N9,T,1.5,21/05/2026
Z2,N9,T,3.0,21/05/2026
Z2,N9,T,2.2,21/05/2026
Z2,N9,T,2.0,21/05/2026
Z2,N9,T,1.6,21/05/2026
Z2,N9,T,2.6,21/05/2026
Z2,N9,T,2.0,21/05/2026
Z2,N9,T,2.3,21/05/2026
Z2,N9,T,1.0,21/05/2026
Z2,N9,T,1.8,21/05/2026
Z2,N9,T,2.2,21/05/2026
Z2,N9,T,2.5,21/05/2026
Z2,N9,T,2.8,21/05/2026
Z2,N9,T,1.5,21/05/2026
Z2,N9,T,1.8,21/05/2026
Z2,N9,T,1.0,21/05/2026
Z2,N9,T,1.5,21/05/2026
Z2,N9,T,1.0,21/05/2026
Z2,N9,T,1.1,21/05/2026
Z2,N10,T,4.0,21/05/2026
Z2,N10,T,3.5,21/05/2026
Z2,N10,T,3.2,21/05/2026
Z2,N10,T,3.0,21/05/2026
Z2,N10,T,2.3,21/05/2026
Z2,N10,T,3.0,21/05/2026
Z2,N10,T,2.2,21/05/2026
Z2,N10,T,2.1,21/05/2026
Z2,N10,T,3.0,21/05/2026
Z2,N10,T,1.6,21/05/2026
Z2,N10,T,1.7,21/05/2026
Z2,N10,T,1.5,21/05/2026
Z2,N10,T,2.5,21/05/2026
Z2,N10,T,2.6,21/05/2026
Z2,N10,T,2.8,21/05/2026
Z2,N10,T,3.0,21/05/2026
Z2,N10,T,2.9,21/05/2026
Z2,N10,T,2.5,21/05/2026
Z2,N10,T,2.0,21/05/2026
Z2,N10,T,4.0,21/05/2026
Z2,N10,T,1.9,21/05/2026
Z2,N10,T,2.4,21/05/2026
Z2,N10,T,1.6,21/05/2026
Z2,N10,T,2.6,21/05/2026
Z2,N10,T,2.3,21/05/2026
Z2,N10,T,3.0,21/05/2026
Z2,N10,T,1.0,21/05/2026
Z2,N10,T,2,21/05/2026
Z2,N10,T,1.5,21/05/2026
Z2,N10,T,3.0,21/05/2026
Z2,N10,T,3.1,21/05/2026
Z2,N10,T,2.5,21/05/2026
Z2,N10,T,1.7,21/05/2026
Z2,N10,T,1.6,21/05/2026
Z2,N10,T,3.0,21/05/2026
Z2,N10,T,3.0,21/05/2026
Z2,N10,T,3.1,21/05/2026
Z2,N10,T,2.5,21/05/2026
Z2,N10,T,1.9,21/05/2026
Z2,N10,T,2.4,21/05/2026
Z2,N10,T,2.5,21/05/2026
Z2,N10,T,2.5,21/05/2026
Z2,N10,T,2.3,21/05/2026
Z2,N10,T,3.0,21/05/2026
Z2,N10,T,2.6,21/05/2026
Z2,N10,T,1.5,21/05/2026
Z2,N10,T,2.5,21/05/2026
Z2,N10,T,2.4,21/05/2026
Z2,N10,T,2.0,21/05/2026
Z2,N10,T,2.0,21/05/2026
Z2,N10,T,2.1,21/05/2026
Z2,N10,T,2.5,21/05/2026
Z2,N10,T,2.1,21/05/2026
Z2,N10,T,2.5,21/05/2026
Z2,N10,T,2.1,21/05/2026
Z2,N10,T,2.0,21/05/2026
Z2,N10,T,2.3,21/05/2026
Z2,N10,T,2.6,21/05/2026
Z2,N10,T,1.5,21/05/2026
Z2,N10,T,2.0,21/05/2026
Z2,N10,T,2.8,21/05/2026
Z2,N10,T,2.0,21/05/2026
Z2,N10,T,2.5,21/05/2026
Z2,N10,T,1.1,21/05/2026
Z2,N10,T,1.0,21/05/2026
Z2,N11,T,5.3,21/05/2026
Z2,N11,T,3.8,21/05/2026
Z2,N11,T,4.0,21/05/2026
Z2,N11,T,0.7,21/05/2026
Z2,N11,T,4.8,21/05/2026
Z2,N11,T,4.6,21/05/2026
Z2,N11,T,12.6,21/05/2026
Z2,N11,T,4.4,21/05/2026
Z2,N11,T,4.5,21/05/2026
Z2,N11,T,3.4,21/05/2026
Z2,N11,T,4.0,21/05/2026
Z2,N11,T,3.3,21/05/2026
Z2,N11,T,4.5,21/05/2026
Z2,N11,T,4.0,21/05/2026
Z2,N11,T,10.4,21/05/2026
Z2,N11,T,5.1,21/05/2026
Z2,N11,T,3.2,21/05/2026
Z2,N11,T,2.7,21/05/2026
Z2,N11,T,4.6,21/05/2026
Z2,N11,T,3.9,21/05/2026
Z2,N11,T,4.0,21/05/2026
Z2,N11,T,"4,8",21/05/2026
Z2,N11,T,4.6,21/05/2026
Z2,N11,T,3.2,21/05/2026
Z2,N11,T,4.3,21/05/2026
Z2,N11,T,4.4,21/05/2026
Z2,N11,T,3.7,21/05/2026
Z2,N11,T,2.5,21/05/2026
Z2,N11,T,3.0,21/05/2026
Z2,N11,T,3.9,21/05/2026
Z2,N11,T,2.3,21/05/2026
Z2,N11,T,3.7,21/05/2026
Z2,N11,T,3.0,21/05/2026
Z2,N11,T,3.3,21/05/2026
Z2,N11,T,3.5,21/05/2026
Z2,N11,T,5.0,21/05/2026
Z2,N11,T,9.8,21/05/2026
Z2,N11,T,3.0,21/05/2026
Z2,N11,T,3.3,21/05/2026
Z2,N11,T,3.5,21/05/2026
Z2,N11,T,4.5,21/05/2026
Z2,N11,T,1.8,21/05/2026
Z2,N11,T,3.2,21/05/2026
Z2,N11,T,2.1,21/05/2026
Z2,N11,T,3.6,21/05/2026
Z2,N11,T,2.2,21/05/2026
Z2,N11,T,3.5,21/05/2026
Z2,N11,T,4.0,21/05/2026
Z2,N11,T,8.2,21/05/2026
Z2,N11,T,3.5,21/05/2026
Z2,N11,T,4.2,21/05/2026
Z2,N11,T,1.5,21/05/2026
Z2,N11,T,4.9,21/05/2026
Z2,N11,T,4.1,21/05/2026
Z2,N11,T,3.0,21/05/2026
Z2,N11,T,3.0,21/05/2026
Z2,N11,T,4.5,21/05/2026
Z2,N11,T,2.7,21/05/2026
Z2,N11,T,2.9,21/05/2026
Z2,N11,T,2.0,21/05/2026
Z2,N11,T,2.0,21/05/2026
Z2,N11,T,2.2,21/05/2026
Z2,N11,T,2.5,21/05/2026
Z2,N11,T,3.4,21/05/2026
Z2,N11,T,1.0,21/05/2026
Z2,N11,T,0.5,21/05/2026
Z2,N11,T,3.4,21/05/2026
Z2,N11,T,2.5,21/05/2026
Z2,N11,T,2.4,21/05/2026
Z2,N11,T,3.8,21/05/2026
Z2,N11,T,0.9,21/05/2026
Z2,N11,T,1.5,21/05/2026
Z2,N11,T,1.6,21/05/2026
Z2,N11,T,5.0,21/05/2026
Z2,N11,T,2.6,21/05/2026
Z2,N11,T,4.3,21/05/2026
Z2,N11,T,3.4,21/05/2026
Z2,N11,T,2.0,21/05/2026
Z2,N11,T,0.5,21/05/2026
Z2,N11,T,5.0,21/05/2026
Z2,N11,T,0.6,21/05/2026
Z2,N11,T,4.2,21/05/2026
Z2,N11,T,0.8,21/05/2026
Z2,N11,T,1.0,21/05/2026
Z2,N11,T,3.0,21/05/2026
Z2,N11,T,0.6,21/05/2026
Z2,N11,T,3.4,21/05/2026
Z2,N11,T,1.5,21/05/2026
Z2,N11,T,3.6,21/05/2026
Z2,N11,T,3.7,21/05/2026
Z2,N11,T,2.4,21/05/2026
Z2,N12,T,2.0,21/05/2026
Z2,N12,T,1.5,21/05/2026
Z2,N12,T,1.6,21/05/2026
Z2,N12,T,3.0,21/05/2026
Z2,N12,T,2.6,21/05/2026
Z2,N12,T,1.2,21/05/2026
Z2,N12,T,1.1,21/05/2026
Z2,N12,T,1.4,21/05/2026
Z2,N12,T,2.1,21/05/2026
Z2,N12,T,1.0,21/05/2026
Z2,N12,T,1.1,21/05/2026
Z2,N12,T,2.3,21/05/2026
Z2,N12,T,2.6,21/05/2026
Z2,N12,T,3.9,21/05/2026
Z2,N12,T,9.4,21/05/2026
Z2,N12,T,2.7,21/05/2026
Z2,N12,T,2.2,21/05/2026
Z2,N12,T,3.2,21/05/2026
Z2,N12,T,3.3,21/05/2026
Z2,N12,T,2.2,21/05/2026
Z2,N12,T,1.5,21/05/2026
Z2,N12,T,3.5,21/05/2026
Z2,N12,T,2.4,21/05/2026
Z2,N12,T,2.4,21/05/2026
Z2,N12,T,2.3,21/05/2026
Z2,N12,T,2.5,21/05/2026
Z2,N12,T,2.5,21/05/2026
Z2,N12,T,2.6,21/05/2026
Z2,N12,T,2.7,21/05/2026
Z2,N12,T,3.5,21/05/2026
Z2,N12,T,3.6,21/05/2026
Z2,N12,T,2.5,21/05/2026
Z2,N12,T,2.7,21/05/2026
Z2,N12,T,3.2,21/05/2026
Z2,N12,T,1.0,21/05/2026
Z2,N12,T,2.9,21/05/2026
Z2,N12,T,2.7,21/05/2026
Z2,N12,T,2.2,21/05/2026
Z2,N12,T,1.5,21/05/2026
Z2,N12,T,2.5,21/05/2026
Z2,N12,T,3.1,21/05/2026
Z2,N12,T,2.2,21/05/2026
Z2,N12,T,8.0,21/05/2026
Z2,N12,T,4.0,21/05/2026
Z2,N12,T,1.7,21/05/2026
Z2,N12,T,5.3,21/05/2026
Z2,N12,T,2.8,21/05/2026
Z2,N12,T,2.1,21/05/2026
Z2,N12,T,2.1,21/05/2026
Z2,N12,T,2.6,21/05/2026
Z2,N12,T,2.7,21/05/2026
Z2,N12,T,3.7,21/05/2026
Z2,N12,T,2.9,21/05/2026
Z2,N12,T,3.3,21/05/2026
Z2,N12,T,3.6,21/05/2026
Z2,N12,T,3.3,21/05/2026
Z2,N12,T,3.7,21/05/2026
Z2,N12,T,2.4,21/05/2026
Z2,N12,T,3.3,21/05/2026
Z2,N12,T,2.3,21/05/2026
Z2,N12,T,2.1,21/05/2026
Z2,N12,T,1.3,21/05/2026
Z2,N12,T,3.6,21/05/2026
Z2,N12,T,2.4,21/05/2026
Z2,N12,T,3.1,21/05/2026
Z1,N1,M,6.4,22/05/2026
Z1,N1,M,7.7,22/05/2026
Z1,N1,M,5.2,22/05/2026
Z1,N1,M,3.5,22/05/2026
Z1,N1,M,9.0,22/05/2026
Z1,N1,M,7.1,22/05/2026
Z1,N1,M,10.8,22/05/2026
Z1,N1,M,4.9,22/05/2026
Z1,N1,M,4.4,22/05/2026
Z1,N1,M,8.2,22/05/2026
Z1,N1,M,1.0,22/05/2026
Z1,N1,M,6.2,22/05/2026
Z1,N1,M,4.3,22/05/2026
Z1,N1,M,6.6,22/05/2026
Z1,N1,M,4.5,22/05/2026
Z1,N1,M,6.6,22/05/2026
Z1,N1,M,5.3,22/05/2026
Z1,N1,M,11.5,22/05/2026
Z1,N1,M,3.4,22/05/2026
Z1,N1,M,3.6,22/05/2026
Z1,N1,M,2.5,22/05/2026
Z1,N1,M,1.5,22/05/2026
Z1,N1,M,3.7,22/05/2026
Z1,N1,M,0.8,22/05/2026
Z1,N1,M,5.0,22/05/2026
Z1,N1,M,7.9,22/05/2026
Z1,N1,M,3.6,22/05/2026
Z1,N1,M,1.0,22/05/2026
Z1,N1,M,2.2,22/05/2026
Z1,N1,M,2.5,22/05/2026
Z1,N1,M,1.7,22/05/2026
Z1,N1,M,3.0,22/05/2026
Z1,N1,M,3.8,22/05/2026
Z1,N2,M,5.5,22/05/2026
Z1,N2,M,5.6,22/05/2026
Z1,N2,M,5.5,22/05/2026
Z1,N2,M,3.0,22/05/2026
Z1,N2,M,5.6,22/05/2026
Z1,N2,M,3.2,22/05/2026
Z1,N2,M,4.0,22/05/2026
Z1,N2,M,5.5,22/05/2026
Z1,N2,M,7.0,22/05/2026
Z1,N2,M,6.1,22/05/2026
Z1,N2,M,6.5,22/05/2026
Z1,N2,M,5.0,22/05/2026
Z1,N2,M,4.0,22/05/2026
Z1,N2,M,4.7,22/05/2026
Z1,N2,M,2.1,22/05/2026
Z1,N2,M,4.0,22/05/2026
Z1,N2,M,4.4,22/05/2026
Z1,N2,M,2.9,22/05/2026
Z1,N2,M,4.6,22/05/2026
Z1,N2,M,4.0,22/05/2026
Z1,N2,M,1.9,22/05/2026
Z1,N2,M,2.1,22/05/2026
Z1,N2,M,2.0,22/05/2026
Z1,N2,M,5.5,22/05/2026
Z1,N2,M,3.5,22/05/2026
Z1,N2,M,4.5,22/05/2026
Z1,N2,M,1.5,22/05/2026
Z1,N2,M,4.5,22/05/2026
Z1,N2,M,3.9,22/05/2026
Z1,N2,M,2.5,22/05/2026
Z1,N2,M,1.0,22/05/2026
Z1,N2,M,7.0,22/05/2026
Z1,N2,M,4.6,22/05/2026
Z1,N2,M,7.4,22/05/2026
Z1,N2,M,4.0,22/05/2026
Z1,N3,M,3.2,22/05/2026
Z1,N3,M,1.0,22/05/2026
Z1,N3,M,1.1,22/05/2026
Z1,N3,M,1.5,22/05/2026
Z1,N3,M,4.0,22/05/2026
Z1,N3,M,3.0,22/05/2026
Z1,N3,M,2.9,22/05/2026
Z1,N3,M,2.6,22/05/2026
Z1,N3,M,7.7,22/05/2026
Z1,N3,M,3.6,22/05/2026
Z1,N3,M,3.1,22/05/2026
Z1,N3,M,2.0,22/05/2026
Z1,N3,M,4.3,22/05/2026
Z1,N3,M,15.0,22/05/2026
Z1,N3,M,6.6,22/05/2026
Z1,N3,M,5.2,22/05/2026
Z1,N3,M,2.8,22/05/2026
Z1,N3,M,6.2,22/05/2026
Z1,N3,M,2.1,22/05/2026
Z1,N3,M,7.4,22/05/2026
Z1,N3,M,10.5,22/05/2026
Z1,N3,M,2.6,22/05/2026
Z1,N3,M,1.7,22/05/2026
Z1,N3,M,4.5,22/05/2026
Z1,N3,M,3.6,22/05/2026
Z1,N3,M,5.6,22/05/2026
Z1,N3,M,4.3,22/05/2026
Z1,N3,M,6.5,22/05/2026
Z1,N3,M,5.1,22/05/2026
Z1,N3,M,4.5,22/05/2026
Z1,N3,M,5.0,22/05/2026
Z1,N4,M,3.5,22/05/2026
Z1,N4,M,8.1,22/05/2026
Z1,N4,M,5.0,22/05/2026
Z1,N4,M,3.3,22/05/2026
Z1,N4,M,4.5,22/05/2026
Z1,N4,M,7.5,22/05/2026
Z1,N4,M,7.6,22/05/2026
Z1,N4,M,6.0,22/05/2026
Z1,N4,M,2.5,22/05/2026
Z1,N4,M,3.0,22/05/2026
Z1,N4,M,4.5,22/05/2026
Z1,N4,M,2.5,22/05/2026
Z1,N4,M,2.8,22/05/2026
Z1,N4,M,3.5,22/05/2026
Z1,N4,M,5.0,22/05/2026
Z1,N4,M,2.5,22/05/2026
Z1,N4,M,3.8,22/05/2026
Z1,N4,M,5.4,22/05/2026
Z1,N4,M,2.5,22/05/2026
Z1,N4,M,3.0,22/05/2026
Z2,N5,M,0,22/05/2026
Z2,N6,M,0,22/05/2026
Z2,N7,M,0,22/05/2026
Z2,N8,M,0.5,22/05/2026
Z2,N9,M,0,22/05/2026
Z2,N10,M,4.5,22/05/2026
Z2,N10,M,1.0,22/05/2026
Z2,N10,M,0.9,22/05/2026
Z2,N10,M,0.7,22/05/2026
Z2,N10,M,1.3,22/05/2026
Z2,N11,M,2.2,22/05/2026
Z2,N11,M,1.0,22/05/2026
Z2,N12,M,0,22/05/2026